fecha,pm25
2019-04-11 17:29:20.949000+00:00,23.5
2019-04-11 18:02:49.625000+00:00,22.08333396911621
2019-04-11 19:02:50.638000+00:00,25.25
2019-04-11 20:03:00.961000+00:00,28.749998092651367
2019-04-11 21:02:49.634000+00:00,29.0
2019-04-11 22:02:50.638000+00:00,27.83333396911621
2019-04-11 23:02:50.606000+00:00,27.16666603088379
2019-04-12 00:02:50.637000+00:00,25.833335876464844
2019-04-12 01:02:50.640000+00:00,33.41666793823242
2019-04-12 02:02:50.642000+00:00,28.66666603088379
2019-04-12 03:02:50.633000+00:00,31.749998092651367
2019-04-12 04:04:39.325000+00:00,27.916667938232425
2019-04-12 05:02:49+00:00,27.33333396911621
2019-04-12 06:02:48.999000+00:00,27.0
2019-04-12 07:02:49+00:00,26.16666412353516
2019-04-12 08:02:49.100000+00:00,25.08333396911621
2019-04-12 09:02:49+00:00,24.83333396911621
2019-04-12 10:02:49.100000+00:00,34.583335876464844
2019-04-12 12:03:00.289000+00:00,35.41666412353516
2019-04-12 13:02:48.963000+00:00,35.083335876464844
2019-04-12 14:02:48.965000+00:00,41.91666793823242
2019-04-12 15:02:48.964000+00:00,35.58333206176758
2019-04-12 16:02:48.964000+00:00,33.91666793823242
2019-04-12 17:02:48.965000+00:00,30.000001907348636
2019-04-12 18:02:48.964000+00:00,28.75
2019-04-12 19:02:48.969000+00:00,27.16666412353516
2019-04-12 20:02:48.964000+00:00,30.83333396911621
2019-04-12 21:02:48.964000+00:00,42.83333587646485
2019-04-12 22:02:48.965000+00:00,40.41666793823242
2019-04-12 23:02:48.964000+00:00,43.999996185302734
2019-04-13 00:02:48.965000+00:00,37.41666793823242
2019-04-13 01:02:48.963000+00:00,35.91666412353516
2019-04-13 02:02:48.965000+00:00,32.0
2019-04-13 03:02:48.964000+00:00,34.08333206176758
2019-04-13 04:04:40.328000+00:00,33.91666793823242
2019-04-13 05:02:49.400000+00:00,27.000003814697266
2019-04-13 06:02:49.300000+00:00,26.166667938232425
2019-04-13 07:02:49.300000+00:00,26.083332061767575
2019-04-13 08:02:49.400000+00:00,27.333335876464844
2019-04-13 09:02:49.400000+00:00,32.833335876464844
2019-04-13 10:02:49.300000+00:00,29.666667938232425
2019-04-13 11:02:49.100000+00:00,33.5
2019-04-13 12:02:49.400000+00:00,33.33333206176758
2019-04-13 13:02:49.400000+00:00,40.66666793823242
2019-04-13 14:02:49.400000+00:00,42.16666412353516
2019-04-13 15:02:49.600000+00:00,36.749996185302734
2019-04-13 16:02:49.400000+00:00,31.08333396911621
2019-04-13 18:03:00.345000+00:00,36.50000381469727
2019-04-13 19:02:49.200000+00:00,40.16666412353516
2019-04-13 20:02:49.210000+00:00,36.249996185302734
2019-04-13 21:02:56.594000+00:00,40.66666412353516
2019-04-13 22:02:59.588000+00:00,39.33333206176758
2019-04-13 23:02:50.200000+00:00,27.33333396911621
2019-04-14 00:30:43.394000+00:00,10.833333969116213
2019-04-14 01:02:50.300000+00:00,15.499999046325684
2019-04-14 02:03:05.330000+00:00,13.333333015441896
2019-04-14 03:03:01.627000+00:00,18.58333396911621
2019-04-14 04:04:47.622000+00:00,20.416667938232425
2019-04-14 05:03:00.623000+00:00,21.666667938232425
2019-04-14 06:02:58.121000+00:00,21.500001907348636
2019-04-14 07:03:00.643000+00:00,20.666667938232425
2019-04-14 08:02:58.623000+00:00,21.25
2019-04-14 09:03:01.122000+00:00,23.583335876464844
2019-04-14 10:03:11.628000+00:00,27.083332061767575
2019-04-14 11:03:00.623000+00:00,27.0
2019-04-14 12:02:59.619000+00:00,29.16666603088379
2019-04-14 13:02:55.620000+00:00,34.41666793823242
2019-04-14 14:02:59.626000+00:00,34.66666793823242
2019-04-14 15:03:00.624000+00:00,31.083335876464844
2019-04-14 16:02:51.830000+00:00,29.16666603088379
2019-04-14 17:02:50.817000+00:00,28.333332061767575
2019-04-14 18:02:50.829000+00:00,27.91666603088379
2019-04-15 02:06:50.826000+00:00,28.91666603088379
2019-04-15 04:04:42.806000+00:00,23.083332061767575
2019-04-15 21:04:32.933000+00:00,24.500001907348636
2019-04-15 22:02:50.983000+00:00,24.5
2019-04-16 00:18:12.200000+00:00,26.083332061767575
2019-04-16 01:04:29.501000+00:00,23.91666603088379
2019-04-16 02:02:50.984000+00:00,32.5
2019-04-16 03:25:46.625000+00:00,28.16666603088379
2019-04-16 04:04:40.964000+00:00,26.583332061767575
2019-04-16 05:02:50.661000+00:00,25.08333396911621
2019-04-16 06:02:50.674000+00:00,26.08333396911621
2019-04-16 07:03:00.993000+00:00,21.416667938232425
2019-04-16 08:02:50.658000+00:00,20.16666603088379
2019-04-16 09:02:50.648000+00:00,21.666667938232425
2019-04-16 10:02:50.647000+00:00,21.333330154418945
2019-04-16 11:02:50.651000+00:00,22.83333396911621
2019-04-16 12:02:50.652000+00:00,27.66666603088379
2019-04-16 13:02:50.651000+00:00,26.000001907348636
2019-04-16 15:04:45.129000+00:00,23.749998092651367
2019-04-16 16:02:49.815000+00:00,24.0
2019-04-16 17:02:50.815000+00:00,19.75
2019-04-16 18:03:10.786000+00:00,18.58333396911621
2019-04-16 19:02:50.813000+00:00,16.08333396911621
2019-04-16 20:02:50.814000+00:00,18.25
2019-04-16 21:02:50.814000+00:00,19.833332061767575
2019-04-16 22:02:50.824000+00:00,22.0
2019-04-16 23:02:49.816000+00:00,25.75
2019-04-17 00:02:50.815000+00:00,24.666667938232425
2019-04-17 01:02:50.814000+00:00,24.250001907348636
2019-04-17 02:02:50.814000+00:00,21.83333396911621
2019-04-17 03:02:50.814000+00:00,20.499998092651367
2019-04-17 04:04:42.117000+00:00,22.0
2019-04-17 05:02:49.807000+00:00,23.833332061767575
2019-04-17 06:02:50.818000+00:00,21.16666603088379
2019-04-17 07:02:50.805000+00:00,20.58333396911621
2019-04-17 08:02:50.806000+00:00,28.166667938232425
2019-04-17 09:02:50.806000+00:00,15.666666984558104
2019-04-17 10:02:50.806000+00:00,22.250001907348636
2019-04-17 11:03:01.120000+00:00,18.33333396911621
2019-04-17 12:02:49.807000+00:00,19.583332061767575
2019-04-17 13:02:50.806000+00:00,19.666667938232425
2019-04-17 14:02:49.807000+00:00,21.33333396911621
2019-04-17 15:03:01.122000+00:00,24.58333396911621
2019-04-17 16:02:49.808000+00:00,30.833332061767575
2019-04-17 17:02:50.808000+00:00,30.66666412353516
2019-04-17 18:02:50.807000+00:00,32.75
2019-04-17 19:02:50.808000+00:00,32.083335876464844
2019-04-17 20:02:50.820000+00:00,31.000001907348636
2019-04-17 21:02:50.811000+00:00,29.83333396911621
2019-04-17 22:03:01.141000+00:00,30.499998092651367
2019-04-17 23:02:49.808000+00:00,31.08333396911621
2019-04-18 00:02:50.808000+00:00,31.91666603088379
2019-04-18 01:02:50.808000+00:00,33.333335876464844
2019-04-18 02:02:50.809000+00:00,33.91666412353516
2019-04-18 03:02:50.810000+00:00,24.33333396911621
2019-04-18 04:04:40.217000+00:00,29.91666412353516
2019-04-18 05:02:49.905000+00:00,36.0
2019-04-18 06:02:50.914000+00:00,33.75
2019-04-18 07:02:50.904000+00:00,32.083335876464844
2019-04-18 08:02:49.904000+00:00,20.33333396911621
2019-04-18 09:02:49.904000+00:00,20.25
2019-04-18 10:02:50.904000+00:00,17.083332061767578
2019-04-18 11:02:50.903000+00:00,19.25
2019-04-18 12:02:50.904000+00:00,23.833330154418945
2019-04-18 13:02:50.906000+00:00,23.66666603088379
2019-04-18 14:02:50.904000+00:00,17.91666603088379
2019-04-18 15:02:50.904000+00:00,22.0
2019-04-18 16:02:50.904000+00:00,22.583332061767575
2019-04-18 17:02:50.904000+00:00,26.16666603088379
2019-04-18 18:02:49.904000+00:00,24.833332061767575
2019-04-18 19:02:50.904000+00:00,26.333332061767575
2019-04-18 20:02:50.914000+00:00,26.000001907348636
2019-04-18 21:02:50.904000+00:00,27.0
2019-04-18 22:03:00.227000+00:00,5.0
2019-04-18 23:02:49.905000+00:00,1.0
2019-04-19 00:02:50.904000+00:00,2.8333334922790527
2019-04-19 01:02:50.904000+00:00,1.5833332538604736
2019-04-19 02:02:50.903000+00:00,2.999999761581421
2019-04-19 03:02:49.907000+00:00,6.583333015441895
2019-04-19 04:03:10.967000+00:00,6.083333492279053
2019-04-19 05:02:50.651000+00:00,6.333333015441895
2019-04-19 06:02:50.660000+00:00,7.166666030883789
2019-04-19 07:02:50.652000+00:00,4.0
2019-04-19 08:02:50.652000+00:00,7.250000953674316
2019-04-19 09:02:50.654000+00:00,6.083332538604736
2019-04-19 10:02:50.652000+00:00,5.416666507720947
2019-04-19 11:02:50.568000+00:00,7.500000476837158
2019-04-19 12:02:50.568000+00:00,7.5833330154418945
2019-04-19 13:02:50.656000+00:00,7.166666507720947
2019-04-19 14:02:50.656000+00:00,9.75
2019-04-19 15:03:00.882000+00:00,9.416666984558104
2019-04-19 16:02:50.654000+00:00,10.25
2019-04-19 17:02:50.569000+00:00,7.833333492279053
2019-04-19 18:02:50.568000+00:00,10.583332061767578
2019-04-19 19:02:50.569000+00:00,11.333333015441896
2019-04-19 20:02:50.660000+00:00,12.0
2019-04-19 21:02:50.659000+00:00,10.749999046325684
2019-04-19 22:02:50.650000+00:00,11.166666984558104
2019-04-19 23:02:50.649000+00:00,12.999999046325684
2019-04-20 00:02:50.574000+00:00,14.833333015441896
2019-04-20 01:02:50.653000+00:00,4.750000476837158
2019-04-20 02:02:50.651000+00:00,0.6666666865348816
2019-04-20 03:02:50.651000+00:00,0.4166666865348816
2019-04-20 04:04:40.957000+00:00,2.0833332538604736
2019-04-20 05:02:49.640000+00:00,3.9166667461395264
2019-04-20 06:02:50.657000+00:00,3.249999761581421
2019-04-20 07:02:50.646000+00:00,1.5833333730697632
2019-04-20 08:02:50.647000+00:00,2.1666665077209477
2019-04-20 09:03:00.964000+00:00,2.5833332538604736
2019-04-20 10:02:50.648000+00:00,2.0833332538604736
2019-04-20 11:02:50.640000+00:00,3.4166667461395264
2019-04-20 12:02:50.640000+00:00,3.1666667461395264
2019-04-20 13:03:00.953000+00:00,3.1666665077209477
2019-04-20 14:02:49.674000+00:00,4.333333969116211
2019-04-20 15:02:50.650000+00:00,5.333333015441895
2019-04-20 16:03:00.953000+00:00,6.583333015441895
2019-04-20 17:02:49.648000+00:00,7.1666669845581055
2019-04-20 18:02:50.640000+00:00,8.5
2019-04-20 19:02:50.640000+00:00,9.0
2019-04-20 20:03:00.952000+00:00,10.25
2019-04-20 21:02:49.680000+00:00,8.166666984558105
2019-04-20 22:02:50.655000+00:00,9.333333015441896
2019-04-20 23:03:00.964000+00:00,10.916666030883787
2019-04-21 00:02:50.638000+00:00,12.083332061767578
2019-04-21 01:02:50.638000+00:00,13.083333015441896
2019-04-21 02:02:50.638000+00:00,5.416666507720947
2019-04-21 03:03:00.952000+00:00,4.0
2019-04-21 04:03:11.966000+00:00,2.750000238418579
2019-04-21 05:02:50.659000+00:00,3.8333334922790527
2019-04-21 06:03:00.966000+00:00,4.333333015441895
2019-04-21 07:02:50.653000+00:00,4.5
2019-04-21 08:02:50.652000+00:00,8.666666984558105
2019-04-21 09:02:50.660000+00:00,5.583333015441895
2019-04-21 10:02:50.650000+00:00,5.666666507720947
2019-04-21 11:02:50.650000+00:00,5.166666507720947
2019-04-21 12:02:50.649000+00:00,5.833333015441895
2019-04-21 13:02:50.655000+00:00,7.9166669845581055
2019-04-21 14:02:50.602000+00:00,12.833333969116213
2019-04-21 15:02:50.651000+00:00,8.5
2019-04-21 16:02:50.654000+00:00,4.333333492279053
2019-04-21 17:02:50.650000+00:00,3.6666665077209473
2019-04-21 18:02:50.655000+00:00,3.0833334922790527
2019-04-21 19:02:50.656000+00:00,3.6666665077209473
2019-04-21 20:02:50.654000+00:00,3.8333334922790527
2019-04-21 21:02:50.658000+00:00,4.75
2019-04-21 22:02:50.655000+00:00,4.583333492279053
2019-04-21 23:02:50.652000+00:00,3.8333332538604736
2019-04-22 00:03:00.967000+00:00,2.75
2019-04-22 01:02:50.652000+00:00,2.3333332538604736
2019-04-22 02:02:50.662000+00:00,2.3333332538604736
2019-04-22 03:02:50.652000+00:00,3.3333332538604736
2019-04-22 04:04:41.290000+00:00,1.0833333730697632
2019-04-22 05:03:01.645000+00:00,0.9999999403953552
2019-04-22 06:03:02.645000+00:00,5.25
2019-04-22 07:03:02.622000+00:00,6.500000476837158
2019-04-22 08:03:02.621000+00:00,4.416666507720947
2019-04-22 09:03:03.290000+00:00,7.6666669845581055
2019-04-22 10:03:01.618000+00:00,1.6666665077209473
2019-04-22 11:03:03.620000+00:00,0.4166666865348816
2019-04-22 12:03:10.330000+00:00,0.3333333432674408
2019-04-22 13:02:55.340000+00:00,3.25
2019-04-22 14:03:10.320000+00:00,8.25
2019-04-22 15:02:50.477000+00:00,6.083333015441895
2019-04-22 16:02:50.477000+00:00,7.916665554046631
2019-04-22 17:02:50.477000+00:00,45.16666793823242
2019-04-22 18:02:50.477000+00:00,43.16666793823242
2019-04-22 19:02:50.477000+00:00,9.083333015441896
2019-04-22 20:02:50.476000+00:00,5.083333492279053
2019-04-22 21:02:50.650000+00:00,2.8333332538604736
2019-04-22 22:02:50.477000+00:00,2.1666667461395264
2019-04-22 23:03:00.963000+00:00,4.333333015441895
2019-04-23 00:02:50.477000+00:00,11.666666984558104
2019-04-23 01:02:50.631000+00:00,9.5
2019-04-23 02:02:50.478000+00:00,4.999999523162842
2019-04-23 03:02:50.657000+00:00,3.4166667461395264
2019-04-23 04:04:42.620000+00:00,2.749999761581421
2019-04-23 05:02:49.748000+00:00,2.916666984558105
2019-04-23 06:02:50.748000+00:00,2.666666984558105
2019-04-23 07:02:50.748000+00:00,4.083333492279053
2019-04-23 08:03:01.100000+00:00,3.9166667461395264
2019-04-23 09:02:49.787000+00:00,3.0833332538604736
2019-04-23 10:02:50.786000+00:00,3.6666665077209473
2019-04-23 11:02:50.786000+00:00,7.0
2019-04-23 12:02:50.786000+00:00,9.749999046325684
2019-04-23 13:03:03.301000+00:00,18.33333396911621
2019-04-23 14:02:50.785000+00:00,30.000001907348636
2019-04-23 15:03:01.100000+00:00,20.25
2019-04-23 16:02:49.767000+00:00,4.666666507720947
2019-04-23 17:02:50.766000+00:00,3.999999761581421
2019-04-23 18:02:50.767000+00:00,44.499996185302734
2019-04-23 19:02:50.767000+00:00,4.25
2019-04-23 20:03:01.900000+00:00,5.75
2019-04-23 22:03:01.996000+00:00,13.833333015441896
2019-04-23 23:02:50.695000+00:00,12.916666984558104
2019-04-24 00:03:02.120000+00:00,11.75
2019-04-24 01:02:51.679000+00:00,12.333333015441896
2019-04-24 02:02:52.689000+00:00,6.750000953674316
2019-04-24 03:02:52.699000+00:00,7.166666507720947
2019-04-25 06:37:04.991000+00:00,6.583333015441895
2019-04-25 07:02:50.698000+00:00,5.833333492279053
2019-04-25 08:02:50.673000+00:00,5.0
2019-04-25 09:02:50.663000+00:00,4.666666030883789
2019-04-25 10:02:50.663000+00:00,4.5
2019-04-25 11:02:50.661000+00:00,7.249999523162842
2019-04-25 12:02:50.662000+00:00,13.666666984558104
2019-04-25 13:03:00.977000+00:00,9.833333015441896
2019-04-25 14:02:50.682000+00:00,14.666666984558104
2019-04-25 15:02:50.687000+00:00,11.083332061767578
2019-04-25 16:02:50.650000+00:00,10.833333015441896
2019-04-25 17:02:50.649000+00:00,19.16666603088379
2019-04-25 18:02:50.651000+00:00,11.166666030883787
2019-04-25 19:02:50.652000+00:00,15.0
2019-04-25 20:03:00.988000+00:00,13.666666984558104
2019-04-25 21:02:50.609000+00:00,13.083333969116213
2019-04-25 22:02:50.673000+00:00,11.416666984558104
2019-04-25 23:02:50.690000+00:00,11.75
2019-04-26 00:02:50.656000+00:00,13.999999046325684
2019-04-26 01:02:50.653000+00:00,13.583333015441896
2019-04-26 02:03:00.969000+00:00,11.333333015441896
2019-04-26 03:02:50.658000+00:00,10.583333015441896
2019-04-26 04:04:40.338000+00:00,10.416666030883787
2019-04-26 05:02:50.220000+00:00,11.416666984558104
2019-04-26 06:02:50.320000+00:00,14.666666984558104
2019-04-26 07:02:50.220000+00:00,10.25
2019-04-26 08:02:50.300000+00:00,13.500000953674316
2019-04-26 09:03:00.333000+00:00,8.416666030883789
2019-04-26 10:02:50.220000+00:00,11.916667938232422
2019-04-26 11:02:50.230000+00:00,11.583333969116213
2019-04-26 12:02:50.230000+00:00,8.666666030883789
2019-04-27 01:26:09.967000+00:00,28.66666603088379
2019-04-27 02:02:50.654000+00:00,24.166667938232425
2019-04-27 03:02:50.648000+00:00,21.666667938232425
2019-04-27 04:03:14.501000+00:00,24.500001907348636
2019-04-27 05:04:43.649000+00:00,25.750001907348636
2019-04-27 06:03:02.655000+00:00,18.083332061767575
2019-04-27 07:03:00.662000+00:00,15.916666030883787
2019-04-27 08:03:02.680000+00:00,15.833333969116213
2019-04-27 09:02:50.802000+00:00,14.166666984558104
2019-04-27 10:03:02.816000+00:00,14.250000953674316
2019-04-27 11:03:11.817000+00:00,13.916666984558104
2019-04-27 12:03:02.826000+00:00,17.833332061767578
2019-04-27 13:03:03.841000+00:00,20.666667938232425
2019-04-27 17:03:00.582000+00:00,12.333333015441896
2019-04-27 18:03:00.356000+00:00,9.583333015441896
2019-04-27 19:02:50.320000+00:00,9.083333969116213
2019-04-27 20:02:50.320000+00:00,10.5
2019-04-27 21:03:01.626000+00:00,12.833333969116213
2019-04-27 22:03:02.626000+00:00,12.0
2019-04-27 23:03:02.616000+00:00,10.0
2019-04-28 00:02:50.320000+00:00,10.166666030883787
2019-04-28 01:03:01.625000+00:00,12.5
2019-04-28 02:03:00.628000+00:00,13.833332061767578
2019-04-28 03:03:02.623000+00:00,10.75
2019-04-28 04:04:41.973000+00:00,5.000000476837158
2019-04-28 05:02:50.657000+00:00,6.499999523162842
2019-04-28 06:02:50.669000+00:00,6.749999523162842
2019-04-28 07:03:01.971000+00:00,7.166666507720947
2019-04-28 08:02:50.258000+00:00,6.5
2019-04-28 09:02:51.652000+00:00,3.8333330154418954
2019-04-28 10:02:51.654000+00:00,4.0
2019-04-28 11:02:51.660000+00:00,5.499999523162842
2019-04-28 12:02:51.656000+00:00,5.916666507720947
2019-04-28 13:02:51.654000+00:00,9.0
2019-04-28 14:02:51.660000+00:00,8.999999046325684
2019-04-28 15:03:01.968000+00:00,5.75
2019-04-28 16:03:01.974000+00:00,6.1666669845581055
2019-04-28 17:03:01.653000+00:00,5.749999523162842
2019-04-28 18:02:50.660000+00:00,6.0
2019-04-28 19:02:51.654000+00:00,8.166666030883789
2019-04-28 20:02:50.652000+00:00,6.083333492279053
2019-04-28 21:03:00.973000+00:00,6.75
2019-04-28 22:02:50.329000+00:00,9.25
2019-04-28 23:02:50.650000+00:00,10.75
2019-04-29 00:02:50.656000+00:00,7.916666507720947
2019-04-29 01:02:50.328000+00:00,7.5833330154418945
2019-04-29 02:02:50.662000+00:00,7.833333492279053
2019-04-29 03:02:50.650000+00:00,10.166666030883787
2019-04-29 04:04:40.954000+00:00,10.083333969116213
2019-04-29 05:02:50.657000+00:00,9.333333015441896
2019-04-29 06:02:50.660000+00:00,8.583333015441895
2019-04-29 08:03:00.987000+00:00,9.75
2019-04-29 09:02:50.655000+00:00,8.416666030883789
2019-04-29 10:02:50.651000+00:00,11.416666030883787
2019-04-29 11:02:50.650000+00:00,11.500000953674316
2019-04-29 12:02:50.513000+00:00,12.250000953674316
2019-04-29 13:02:50.511000+00:00,10.833333015441896
2019-04-29 14:02:50.916000+00:00,11.250000953674316
2019-04-29 15:02:49.917000+00:00,16.666667938232422
2019-04-29 16:02:49.917000+00:00,13.416666030883787
2019-04-29 17:02:50.342000+00:00,12.166666984558104
2019-04-29 18:02:50.916000+00:00,13.333333015441896
2019-04-29 19:02:49.915000+00:00,11.333333969116213
2019-04-29 20:02:50.229000+00:00,11.583333015441896
2019-04-29 21:03:01.696000+00:00,12.499999046325684
2019-04-29 22:02:50.932000+00:00,12.416666030883787
2019-04-29 23:02:50.346000+00:00,15.916666030883787
2019-04-30 00:02:50.932000+00:00,34.25
2019-04-30 01:03:01.264000+00:00,17.666667938232422
2019-04-30 02:02:49.961000+00:00,12.666666030883787
2019-04-30 03:02:49.950000+00:00,10.25
2019-04-30 04:04:40.981000+00:00,7.583332538604736
2019-04-30 05:02:50.673000+00:00,7.0
2019-04-30 06:02:50.683000+00:00,11.999999046325684
2019-04-30 07:02:50.648000+00:00,11.916666984558104
2019-04-30 08:02:50.653000+00:00,13.916666030883787
2019-04-30 09:24:03.963000+00:00,32.249996185302734
2019-04-30 10:02:50.659000+00:00,18.25
2019-04-30 11:03:00.977000+00:00,16.0
2019-04-30 12:02:50.660000+00:00,25.16666412353516
2019-04-30 13:02:50.655000+00:00,25.916667938232425
2019-04-30 14:02:50.666000+00:00,29.58333396911621
2019-04-30 15:02:50.767000+00:00,31.41666412353516
2019-04-30 16:02:51.620000+00:00,18.83333396911621
2019-04-30 17:02:50.532000+00:00,12.333333015441896
2019-04-30 18:02:50.705000+00:00,10.916666984558104
2019-04-30 19:02:50.672000+00:00,12.0
2019-04-30 20:02:50.651000+00:00,12.75
2019-04-30 21:02:50.654000+00:00,20.333335876464844
2019-04-30 22:02:50.656000+00:00,14.666666984558104
2019-04-30 23:02:50.654000+00:00,18.66666603088379
2019-05-01 00:02:50.655000+00:00,23.16666984558105
2019-05-01 01:02:50.654000+00:00,22.249998092651367
2019-05-01 02:02:50.663000+00:00,20.25
2019-05-01 03:02:50.655000+00:00,22.83333396911621
2019-05-01 04:04:40.966000+00:00,29.666667938232425
2019-05-01 05:02:50.655000+00:00,22.33333396911621
2019-05-01 06:02:50.653000+00:00,26.33333396911621
2019-05-01 07:02:50.658000+00:00,19.66666603088379
2019-05-01 08:02:50.658000+00:00,16.333332061767578
2019-05-01 09:02:50.653000+00:00,18.33333396911621
2019-05-01 10:02:50.652000+00:00,12.500001907348633
2019-05-01 11:02:50.652000+00:00,16.916667938232422
2019-05-01 12:02:50.653000+00:00,18.583332061767575
2019-05-01 13:02:50.651000+00:00,16.333332061767578
2019-05-01 14:02:50.665000+00:00,19.83333396911621
2019-05-01 15:02:50.652000+00:00,32.16666793823242
2019-05-01 16:02:50.651000+00:00,17.08333396911621
2019-05-01 17:02:50.653000+00:00,15.5
2019-05-01 18:02:50.652000+00:00,13.333333015441896
2019-05-01 20:03:00.966000+00:00,16.666667938232422
2019-05-01 21:02:50.649000+00:00,17.416667938232422
2019-05-01 22:02:50.517000+00:00,18.083332061767575
2019-05-01 23:02:50.517000+00:00,21.166667938232425
2019-05-02 00:02:50.653000+00:00,20.0
2019-05-02 01:02:50.646000+00:00,22.66666603088379
2019-05-02 02:02:50.653000+00:00,21.5
2019-05-02 03:02:50.655000+00:00,19.83333396911621
2019-05-02 04:03:10.993000+00:00,20.166667938232425
2019-05-02 05:02:50.665000+00:00,19.416667938232425
2019-05-02 06:02:50.652000+00:00,18.25
2019-05-02 07:03:00.884000+00:00,22.75
2019-05-02 08:02:50.551000+00:00,22.91666603088379
2019-05-02 09:02:50.552000+00:00,25.75
2019-05-02 10:02:50.653000+00:00,20.666667938232425
2019-05-02 11:02:50.655000+00:00,18.5
2019-05-02 12:02:50.654000+00:00,28.58333396911621
2019-05-02 13:02:50.662000+00:00,22.41666603088379
2019-05-02 14:02:50.552000+00:00,30.49999618530273
2019-05-02 15:02:50.642000+00:00,30.58333396911621
2019-05-02 16:02:50.642000+00:00,18.750001907348636
2019-05-02 17:02:50.593000+00:00,21.66666603088379
2019-05-02 18:02:50.653000+00:00,20.833332061767575
2019-05-02 19:03:01.140000+00:00,24.0
2019-05-02 20:03:00.984000+00:00,27.66666603088379
2019-05-02 21:02:50.701000+00:00,31.66666412353516
2019-05-02 22:02:50.651000+00:00,34.91666793823242
2019-05-02 23:02:50.653000+00:00,34.58333206176758
2019-05-03 00:02:50.653000+00:00,36.41666412353516
2019-05-03 01:02:50.652000+00:00,37.91666412353516
2019-05-03 02:02:50.663000+00:00,36.25000381469727
2019-05-03 03:02:50.660000+00:00,29.83333396911621
2019-05-03 04:04:41.965000+00:00,21.16666603088379
2019-05-03 05:02:50.653000+00:00,17.0
2019-05-03 06:02:50.269000+00:00,16.75
2019-05-03 07:02:50.657000+00:00,21.08333396911621
2019-05-03 08:02:50.652000+00:00,26.83333396911621
2019-05-03 09:02:51.657000+00:00,31.833332061767575
2019-05-03 10:02:51.652000+00:00,32.83333206176758
2019-05-03 11:02:51.652000+00:00,29.75
2019-05-03 12:02:50.368000+00:00,24.16666412353516
2019-05-03 13:02:50.451000+00:00,24.500001907348636
2019-05-03 14:02:50.675000+00:00,26.91666603088379
2019-05-03 15:03:01.983000+00:00,27.833332061767575
2019-05-03 16:02:50.720000+00:00,32.91666793823242
2019-05-03 17:02:51.665000+00:00,33.16666793823242
2019-05-03 18:02:51.659000+00:00,30.500001907348636
2019-05-03 19:02:51.677000+00:00,32.583335876464844
2019-05-03 20:02:51.640000+00:00,35.66666793823242
2019-05-03 21:03:03.624000+00:00,35.25
2019-05-03 22:02:50.659000+00:00,36.16666412353516
2019-05-03 23:02:51.656000+00:00,40.33333206176758
2019-05-04 00:02:50.653000+00:00,41.25000381469727
2019-05-04 01:03:01.974000+00:00,39.58333206176758
2019-05-04 02:02:50.663000+00:00,36.999996185302734
2019-05-04 03:02:50.657000+00:00,35.66667175292969
2019-05-04 04:04:41.323000+00:00,35.25
2019-05-04 05:02:50.100000+00:00,32.5
2019-05-04 06:02:50.900000+00:00,38.66666412353516
2019-05-04 07:02:50.800000+00:00,28.08333396911621
2019-05-04 08:02:50.160000+00:00,28.166667938232425
2019-05-04 09:02:50.100000+00:00,29.33333396911621
2019-05-04 10:02:50.900000+00:00,29.58333396911621
2019-05-04 11:02:50.160000+00:00,27.999998092651367
2019-05-04 12:02:50.900000+00:00,30.416667938232425
2019-05-04 13:02:50.100000+00:00,33.41666793823242
2019-05-04 14:02:50.120000+00:00,30.083332061767575
2019-05-04 15:02:50.140000+00:00,31.66666603088379
2019-05-04 16:02:50.900000+00:00,31.500001907348636
2019-05-04 17:02:50.100000+00:00,30.33333396911621
2019-05-04 18:02:50.900000+00:00,12.833333015441896
2019-05-04 19:02:50.110000+00:00,12.499999046325684
2019-05-04 20:02:50.800000+00:00,14.666666030883787
2019-05-04 21:02:50.900000+00:00,23.16666603088379
2019-05-04 22:02:50.100000+00:00,21.75
2019-05-04 23:02:50.100000+00:00,22.0
2019-05-05 00:02:50.100000+00:00,22.250001907348636
2019-05-05 01:02:50.100000+00:00,19.25
2019-05-05 02:03:02.599000+00:00,15.333333015441896
2019-05-05 03:02:50.100000+00:00,13.333333969116213
2019-05-05 04:04:41.116000+00:00,15.916666030883787
2019-05-05 05:02:49.803000+00:00,16.749998092651367
2019-05-05 06:02:50.801000+00:00,17.416667938232422
2019-05-05 07:03:01.136000+00:00,11.666666984558104
2019-05-05 08:02:49.802000+00:00,15.249999046325684
2019-05-05 09:02:50.802000+00:00,17.08333396911621
2019-05-05 10:02:50.802000+00:00,16.833332061767578
2019-05-05 11:02:50.802000+00:00,17.83333396911621
2019-05-05 12:02:50.802000+00:00,19.083332061767575
2019-05-05 13:02:50.802000+00:00,17.08333396911621
2019-05-05 14:02:50.802000+00:00,32.5
2019-05-05 15:02:50.803000+00:00,32.75
2019-05-05 16:02:50.804000+00:00,33.583335876464844
2019-05-05 17:02:50.802000+00:00,28.08333396911621
2019-05-05 18:02:50.802000+00:00,26.0
2019-05-05 19:02:50.803000+00:00,20.66666603088379
2019-05-05 20:02:51.675000+00:00,19.083332061767575
2019-05-05 21:02:50.502000+00:00,20.499998092651367
2019-05-05 22:03:00.988000+00:00,19.41666603088379
2019-05-05 23:02:50.397000+00:00,22.249998092651367
2019-05-06 00:02:50.301000+00:00,21.249998092651367
2019-05-06 01:02:51.685000+00:00,21.083335876464844
2019-05-06 02:02:50.671000+00:00,19.16666603088379
2019-05-06 03:02:50.301000+00:00,19.91666603088379
2019-05-06 04:04:40.968000+00:00,15.083333015441896
2019-05-06 05:02:50.679000+00:00,12.833333015441896
2019-05-06 06:02:51.704000+00:00,12.166666984558104
2019-05-06 07:02:51.670000+00:00,10.083333015441896
2019-05-06 08:02:51.287000+00:00,13.166666984558104
2019-05-06 09:02:50.646000+00:00,14.083332061767578
2019-05-06 10:40:36.968000+00:00,20.41666412353516
2019-05-06 11:02:50.384000+00:00,21.916667938232425
2019-05-06 12:02:50.384000+00:00,30.166667938232425
2019-05-06 13:02:50.651000+00:00,23.66666603088379
2019-05-06 14:02:50.655000+00:00,26.33333396911621
2019-05-06 15:02:50.646000+00:00,29.58333396911621
2019-05-06 16:02:50.653000+00:00,24.416667938232425
2019-05-06 17:02:50.677000+00:00,18.16666603088379
2019-05-06 18:02:50.397000+00:00,14.749999046325684
2019-05-06 19:02:50.396000+00:00,16.166667938232422
2019-05-06 20:03:00.986000+00:00,16.333332061767578
2019-05-06 21:02:50.643000+00:00,19.583332061767575
2019-05-06 21:02:50.643000+00:00,19.583332061767575
2019-05-06 22:02:49.859000+00:00,22.0
2019-05-06 23:02:50.857000+00:00,25.33333396911621
2019-05-07 00:02:50.856000+00:00,27.0
2019-05-07 00:02:50.856000+00:00,27.0
2019-05-07 01:03:01.172000+00:00,24.083335876464844
2019-05-07 02:02:49.859000+00:00,24.083332061767575
2019-05-07 03:02:50.858000+00:00,25.000001907348636
2019-05-07 04:04:41.235000+00:00,16.249998092651367
2019-05-07 05:02:49.922000+00:00,18.833332061767575
2019-05-07 06:02:49.922000+00:00,18.833332061767575
2019-05-07 07:02:49.921000+00:00,23.500001907348636
2019-05-07 08:02:49.921000+00:00,20.41666603088379
2019-05-07 09:02:49.922000+00:00,17.5
2019-05-07 10:03:00.240000+00:00,22.33333396911621
2019-05-07 11:02:49.922000+00:00,27.66666603088379
2019-05-07 12:02:49.922000+00:00,14.916666984558104
2019-05-07 13:02:49.923000+00:00,16.5
2019-05-07 14:02:49.921000+00:00,26.33333396911621
2019-05-07 15:02:49.922000+00:00,32.91666793823242
2019-05-07 16:02:49.922000+00:00,49.33333206176758
2019-05-07 17:02:49.922000+00:00,15.999999046325684
2019-05-07 18:02:49.922000+00:00,23.5
2019-05-07 19:02:49.922000+00:00,19.25
2019-05-07 20:02:49.920000+00:00,22.75
2019-05-07 21:02:49.922000+00:00,26.416667938232425
2019-05-07 22:02:49.922000+00:00,21.25
2019-05-07 23:02:50.322000+00:00,18.5
2019-05-08 00:02:50.323000+00:00,17.25
2019-05-08 01:02:50.388000+00:00,21.41666603088379
2019-05-08 02:02:50.319000+00:00,16.83333396911621
2019-05-08 03:03:00.371000+00:00,14.166666030883787
2019-05-08 04:04:41.736000+00:00,13.083332061767578
2019-05-08 05:02:51.673000+00:00,11.666666030883787
2019-05-08 06:02:51.698000+00:00,11.166666030883787
2019-05-08 07:02:51.683000+00:00,13.5
2019-05-08 08:03:01.681000+00:00,17.91666603088379
2019-05-08 09:02:51.673000+00:00,18.83333396911621
2019-05-08 10:02:51.676000+00:00,14.75
2019-05-08 11:02:51.686000+00:00,13.833333015441896
2019-05-08 12:02:51.693000+00:00,14.166667938232422
2019-05-08 13:02:51.659000+00:00,15.833332061767578
2019-05-08 14:02:51.674000+00:00,13.5
2019-05-08 15:02:51.755000+00:00,10.749999046325684
2019-05-08 16:02:51.667000+00:00,9.333334922790527
2019-05-08 17:02:51.512000+00:00,10.5
2019-05-08 18:03:00.940000+00:00,8.166666984558105
2019-05-08 19:02:51.512000+00:00,6.499999523162842
2019-05-08 20:02:51.688000+00:00,5.166666507720947
2019-05-08 21:02:51.680000+00:00,3.5833332538604736
2019-05-08 22:02:51.687000+00:00,3.8333332538604736
2019-05-08 23:02:51.691000+00:00,18.666667938232425
2019-05-09 00:03:01.694000+00:00,9.833333969116213
2019-05-09 00:03:01.694000+00:00,9.833333969116213
2019-05-09 00:03:01.694000+00:00,9.833333969116213
2019-05-09 01:02:51.690000+00:00,2.4166667461395264
2019-05-09 02:02:51.687000+00:00,2.3333332538604736
2019-05-09 03:02:51.748000+00:00,6.5
2019-05-09 04:04:41.684000+00:00,12.083333015441896
2019-05-09 05:02:51.593000+00:00,10.583333969116213
2019-05-09 06:02:51.990000+00:00,1.0833333730697632
2019-05-09 07:02:51.682000+00:00,2.916666984558105
2019-05-09 08:02:51.680000+00:00,8.666666984558105
2019-05-09 09:02:51.686000+00:00,38.91666793823242
2019-05-09 10:02:51.681000+00:00,10.0
2019-05-09 11:02:51.550000+00:00,18.999998092651367
2019-05-09 12:02:51.594000+00:00,10.333333015441896
2019-05-09 13:03:01.685000+00:00,16.91666603088379
2019-05-09 14:02:51.564000+00:00,17.33333396911621
2019-05-09 15:02:51.706000+00:00,13.25
2019-05-09 16:02:51.565000+00:00,11.916666984558104
2019-05-09 17:02:51.565000+00:00,7.500000476837158
2019-05-09 18:02:51.565000+00:00,8.083333015441895
2019-05-09 19:02:51.565000+00:00,3.750000238418579
2019-05-09 20:02:51.684000+00:00,4.083333015441895
2019-05-09 21:02:51.683000+00:00,3.499999761581421
2019-05-09 22:02:51.767000+00:00,2.0
2019-05-09 23:02:51.719000+00:00,8.5
2019-05-10 00:03:01.633000+00:00,15.750000953674316
2019-05-10 01:29:00.366000+00:00,14.583332061767578
2019-05-10 02:02:50.948000+00:00,13.666667938232422
2019-05-10 03:05:38.630000+00:00,10.083333015441896
2019-05-10 04:04:40.973000+00:00,5.000000476837158
2019-05-10 05:02:50.650000+00:00,9.833333015441896
2019-05-10 06:02:50.651000+00:00,7.8333330154418945
2019-05-10 07:03:00.964000+00:00,8.916666984558105
2019-05-10 08:02:50.657000+00:00,2.6666667461395264
2019-05-10 09:02:50.652000+00:00,0.6666666269302368
2019-05-10 10:02:50.652000+00:00,0.6666666269302368
2019-05-10 11:02:50.652000+00:00,0.0
2019-05-10 12:02:50.652000+00:00,0.3333333432674408
2019-05-10 13:02:50.655000+00:00,2.0833332538604736
2019-05-10 14:02:50.652000+00:00,3.5833334922790527
2019-05-10 15:02:50.656000+00:00,6.9166669845581055
2019-05-10 16:02:50.666000+00:00,5.499999523162842
2019-05-10 17:02:50.660000+00:00,0.9999998807907104
2019-05-10 18:03:00.960000+00:00,0.0833333358168602
2019-05-10 19:02:50.665000+00:00,0.0
2019-05-10 20:02:50.657000+00:00,0.0833333358168602
2019-05-10 21:02:50.658000+00:00,0.3333333432674408
2019-05-10 22:02:50.653000+00:00,0.25
2019-05-10 23:02:50.662000+00:00,1.9166666269302368
2019-05-11 00:02:50.657000+00:00,1.4166667461395264
2019-05-11 01:02:50.569000+00:00,0.1666666716337204
2019-05-11 02:02:52.616000+00:00,4.083333492279053
2019-05-11 03:02:51.381000+00:00,0.5833333134651184
2019-05-11 04:04:40.976000+00:00,0.6666666865348816
2019-05-11 05:02:49.662000+00:00,8.833333015441895
2019-05-11 06:02:50.667000+00:00,8.333333015441895
2019-05-11 07:02:50.661000+00:00,2.6666667461395264
2019-05-11 08:02:50.661000+00:00,1.2499998807907104
2019-05-11 09:02:50.662000+00:00,0.0833333358168602
2019-05-11 10:02:50.662000+00:00,0.5833333134651184
2019-05-11 11:02:50.661000+00:00,1.4166665077209473
2019-05-11 12:02:50.661000+00:00,6.416666507720947
2019-05-11 13:02:50.667000+00:00,8.416666030883789
2019-05-11 14:02:50.664000+00:00,3.9166665077209473
2019-05-11 15:02:50.662000+00:00,4.0
2019-05-11 16:02:50.661000+00:00,2.5
2019-05-11 17:02:50.661000+00:00,1.7499998807907104
2019-05-11 18:02:50.661000+00:00,2.1666665077209477
2019-05-11 19:02:50.673000+00:00,5.499999523162842
2019-05-11 20:02:50.664000+00:00,1.3333332538604736
2019-05-11 21:02:50.661000+00:00,1.0833332538604736
2019-05-11 22:03:00.975000+00:00,2.250000238418579
2019-05-11 23:02:49.661000+00:00,2.0833334922790527
2019-05-12 00:02:50.661000+00:00,1.25
2019-05-12 01:02:50.662000+00:00,1.9999998807907104
2019-05-12 02:02:50.665000+00:00,1.3333333730697632
2019-05-12 03:02:50.664000+00:00,1.9166666269302368
2019-05-12 04:04:42.430000+00:00,2.0833332538604736
2019-05-12 05:02:49.734000+00:00,1.5833332538604736
2019-05-12 06:02:50.728000+00:00,1.6666666269302368
2019-05-12 07:02:50.729000+00:00,1.0
2019-05-12 08:02:50.729000+00:00,0.7500000596046448
2019-05-12 09:02:50.729000+00:00,10.0
2019-05-12 10:02:50.729000+00:00,10.833333969116213
2019-05-12 11:02:50.728000+00:00,8.75
2019-05-12 12:02:50.729000+00:00,12.333333015441896
2019-05-12 13:02:50.729000+00:00,6.0
2019-05-12 14:02:50.730000+00:00,6.833333015441895
2019-05-12 15:03:01.100000+00:00,5.000000476837158
2019-05-12 16:02:49.692000+00:00,4.666666507720947
2019-05-12 17:02:50.688000+00:00,9.916666984558104
2019-05-12 18:02:50.688000+00:00,9.0
2019-05-12 19:02:50.688000+00:00,5.25
2019-05-12 20:02:50.688000+00:00,3.1666667461395264
2019-05-12 21:02:50.699000+00:00,2.1666667461395264
2019-05-12 22:02:50.694000+00:00,1.6666667461395264
2019-05-12 23:02:50.688000+00:00,1.0833333730697632
2019-05-13 00:03:01.100000+00:00,1.6666665077209473
2019-05-13 01:02:49.257000+00:00,2.9166667461395264
2019-05-13 02:02:50.688000+00:00,2.9166667461395264
2019-05-13 03:02:50.687000+00:00,2.750000238418579
2019-05-13 04:04:40.259000+00:00,2.3333334922790527
2019-05-13 05:02:50.404000+00:00,1.5000001192092896
2019-05-13 06:02:50.950000+00:00,1.3333332538604736
2019-05-13 07:02:49.946000+00:00,0.8333333134651184
2019-05-13 08:03:01.248000+00:00,3.8333332538604736
2019-05-13 09:02:49.933000+00:00,4.416666507720947
2019-05-13 10:02:49.933000+00:00,4.583333015441895
2019-05-13 11:02:49.933000+00:00,4.166666507720947
2019-05-13 12:02:49.933000+00:00,4.333333015441895
2019-05-13 13:02:49.933000+00:00,7.333333969116211
2019-05-13 14:02:49.941000+00:00,4.333333015441895
2019-05-13 15:02:49.933000+00:00,1.7499998807907104
2019-05-13 16:02:49.933000+00:00,36.25
2019-05-13 17:02:49.933000+00:00,3.3333332538604736
2019-05-13 18:02:49.934000+00:00,2.1666667461395264
2019-05-13 20:03:01.250000+00:00,4.25
2019-05-13 21:02:49.934000+00:00,6.6666669845581055
2019-05-13 22:02:49.935000+00:00,4.083333015441895
2019-05-13 23:26:48.624000+00:00,1.4999998807907104
2019-05-14 00:02:52.628000+00:00,6.416666507720947
2019-05-14 01:02:52.628000+00:00,8.999999046325684
2019-05-14 02:02:52.625000+00:00,10.25
2019-05-14 03:02:51.387000+00:00,8.0
2019-05-14 04:04:40.968000+00:00,9.083333015441896
2019-05-14 05:02:50.663000+00:00,4.916666507720947
2019-05-14 06:02:50.650000+00:00,5.833332538604736
2019-05-14 07:02:50.653000+00:00,2.9166665077209477
2019-05-14 08:02:50.653000+00:00,2.8333332538604736
2019-05-14 09:02:50.655000+00:00,8.416666030883789
2019-05-14 10:02:50.653000+00:00,8.833333015441895
2019-05-14 11:03:00.966000+00:00,10.416667938232422
2019-05-14 12:02:50.658000+00:00,15.916666030883787
2019-05-14 13:02:50.652000+00:00,30.333330154418945
2019-05-14 14:02:50.654000+00:00,27.166667938232425
2019-05-14 15:02:50.592000+00:00,36.83333206176758
2019-05-14 16:02:50.660000+00:00,23.416667938232425
2019-05-14 17:02:50.662000+00:00,12.25
2019-05-14 18:02:50.690000+00:00,10.333333015441896
2019-05-14 19:03:00.971000+00:00,6.75
2019-05-14 20:02:50.659000+00:00,9.749999046325684
2019-05-14 21:02:50.660000+00:00,11.333332061767578
2019-05-14 22:02:52.660000+00:00,6.6666669845581055
2019-05-14 23:02:52.624000+00:00,7.833333492279053
2019-05-15 00:02:52.638000+00:00,6.9166669845581055
2019-05-15 01:02:52.624000+00:00,4.666666507720947
2019-05-15 02:02:52.623000+00:00,2.6666667461395264
2019-05-15 03:02:51.247000+00:00,2.6666667461395264
2019-05-15 04:04:41.975000+00:00,0.9166666865348816
2019-05-15 05:02:50.653000+00:00,0.5833333134651184
2019-05-15 06:02:50.660000+00:00,3.749999761581421
2019-05-15 07:03:00.968000+00:00,1.0833332538604736
2019-05-15 08:02:50.660000+00:00,0.6666666865348816
2019-05-15 09:02:50.655000+00:00,2.0833332538604736
2019-05-15 10:02:50.655000+00:00,9.0
2019-05-15 11:02:50.654000+00:00,5.666666030883789
2019-05-15 12:03:00.858000+00:00,5.416666507720947
2019-05-15 13:02:50.636000+00:00,16.58333396911621
2019-05-15 14:02:50.650000+00:00,24.58333396911621
2019-05-15 15:02:50.663000+00:00,4.6666669845581055
2019-05-15 16:02:50.656000+00:00,1.5833333730697632
2019-05-15 17:02:50.657000+00:00,5.416666507720947
2019-05-15 18:02:50.655000+00:00,3.75
2019-05-15 19:03:00.972000+00:00,4.583333492279053
2019-05-15 20:02:50.653000+00:00,5.25
2019-05-15 21:02:50.655000+00:00,7.083333492279053
2019-05-15 21:02:50.655000+00:00,7.083333492279053
2019-05-15 22:02:50.543000+00:00,2.583333730697632
2019-05-15 23:03:00.971000+00:00,3.5833332538604736
2019-05-16 00:02:50.659000+00:00,3.75
2019-05-16 01:02:50.666000+00:00,5.583332538604736
2019-05-16 02:02:50.650000+00:00,7.916666507720947
2019-05-16 03:02:50.664000+00:00,8.166666030883789
2019-05-16 04:03:12.410000+00:00,6.250000476837158
2019-05-16 05:02:49.728000+00:00,7.833333969116211
2019-05-16 06:02:50.730000+00:00,6.000000476837158
2019-05-16 07:02:50.727000+00:00,2.3333332538604736
2019-05-16 08:02:50.727000+00:00,2.6666667461395264
2019-05-16 09:03:01.400000+00:00,3.5833332538604736
2019-05-16 10:02:49.727000+00:00,5.0
2019-05-16 11:02:50.728000+00:00,5.25
2019-05-16 12:02:50.727000+00:00,5.666666507720947
2019-05-16 13:03:01.400000+00:00,8.5
2019-05-16 14:03:01.760000+00:00,12.166666984558104
2019-05-16 15:02:50.741000+00:00,15.083332061767578
2019-05-16 16:02:50.742000+00:00,9.583333969116213
2019-05-16 17:03:01.550000+00:00,8.333333015441895
2019-05-16 18:02:49.741000+00:00,7.416666507720947
2019-05-16 19:02:50.744000+00:00,6.5
2019-05-16 20:02:50.741000+00:00,4.1666669845581055
2019-05-16 21:02:50.741000+00:00,3.8333330154418954
2019-05-16 22:02:50.741000+00:00,4.749999523162842
2019-05-16 23:02:50.741000+00:00,6.5
2019-05-17 00:02:50.741000+00:00,8.166666030883789
2019-05-17 01:02:50.754000+00:00,6.916667461395264
2019-05-17 02:02:50.744000+00:00,5.333333492279053
2019-05-17 03:02:50.742000+00:00,8.083333015441895
2019-05-17 04:04:40.675000+00:00,5.166666507720947
2019-05-17 05:02:50.662000+00:00,5.583333969116211
2019-05-17 06:02:50.602000+00:00,5.0
2019-05-17 07:02:50.632000+00:00,3.8333332538604736
2019-05-17 08:02:50.663000+00:00,5.416666507720947
2019-05-17 09:02:50.654000+00:00,1.1666667461395264
2019-05-17 10:02:50.658000+00:00,0.0833333358168602
2019-05-17 11:02:50.657000+00:00,0.0
2019-05-17 12:02:50.659000+00:00,1.1666667461395264
2019-05-17 13:02:50.653000+00:00,3.0
2019-05-17 14:02:50.666000+00:00,6.499999523162842
2019-05-17 15:02:50.655000+00:00,12.833333015441896
2019-05-17 16:02:50.398000+00:00,4.333333492279053
2019-05-17 17:02:50.736000+00:00,2.5
2019-05-17 18:02:51.669000+00:00,1.1666666269302368
2019-05-17 19:02:50.638000+00:00,0.5
2019-05-17 20:02:50.650000+00:00,1.8333332538604736
2019-05-17 21:02:50.666000+00:00,2.6666665077209477
2019-05-17 22:02:50.663000+00:00,3.0833332538604736
2019-05-17 23:02:50.654000+00:00,3.0833332538604736
2019-05-18 00:03:00.973000+00:00,3.4166665077209477
2019-05-18 01:02:50.654000+00:00,3.8333332538604736
2019-05-18 02:03:00.965000+00:00,2.5833334922790527
2019-05-18 03:02:50.673000+00:00,2.4166667461395264
2019-05-18 04:04:40.966000+00:00,3.5833332538604736
2019-05-18 05:02:50.653000+00:00,6.083333492279053
2019-05-18 06:02:51.654000+00:00,2.4166667461395264
2019-05-18 07:02:51.656000+00:00,1.2500001192092896
2019-05-18 08:02:51.651000+00:00,1.9166666269302368
2019-05-18 09:02:51.655000+00:00,4.5
2019-05-18 10:02:51.656000+00:00,5.666666507720947
2019-05-18 11:02:51.649000+00:00,5.333333492279053
2019-05-18 12:02:51.658000+00:00,2.5833334922790527
2019-05-18 13:03:01.968000+00:00,4.916666030883789
2019-05-18 14:03:00.965000+00:00,7.500000476837158
2019-05-18 15:02:50.633000+00:00,4.083333015441895
2019-05-18 16:02:50.251000+00:00,2.4166667461395264
2019-05-18 17:03:00.564000+00:00,3.5833332538604736
2019-05-18 18:02:50.250000+00:00,1.75
2019-05-18 19:02:51.658000+00:00,2.0833332538604736
2019-05-18 20:02:51.648000+00:00,4.1666669845581055
2019-05-18 21:02:51.657000+00:00,4.1666669845581055
2019-05-18 22:02:51.650000+00:00,7.0
2019-05-18 23:02:50.650000+00:00,8.0
2019-05-19 00:02:51.650000+00:00,6.916666507720947
2019-05-19 01:02:51.354000+00:00,5.083333015441895
2019-05-19 02:02:50.885000+00:00,2.5
2019-05-19 03:02:50.885000+00:00,3.6666665077209473
2019-05-19 04:04:41.302000+00:00,3.5833334922790527
2019-05-19 05:02:49.984000+00:00,3.8333330154418954
2019-05-19 06:02:49.982000+00:00,3.4166667461395264
2019-05-19 07:02:49.982000+00:00,7.999999046325684
2019-05-19 08:02:49.983000+00:00,7.583333492279053
2019-05-19 09:02:49.984000+00:00,6.75
2019-05-19 10:02:49.984000+00:00,5.916666507720947
2019-05-19 11:02:49.983000+00:00,6.499999523162842
2019-05-19 12:02:49.983000+00:00,13.333333015441896
2019-05-19 13:02:49.983000+00:00,18.833332061767575
2019-05-19 14:02:49.983000+00:00,20.166667938232425
2019-05-19 15:02:49.983000+00:00,15.25
2019-05-19 16:02:49.982000+00:00,10.249999046325684
2019-05-19 17:02:49.983000+00:00,6.4166669845581055
2019-05-19 18:02:49.983000+00:00,4.583333492279053
2019-05-19 19:02:49.983000+00:00,3.25
2019-05-19 20:02:49.983000+00:00,2.75
2019-05-19 21:03:00.298000+00:00,3.5
2019-05-19 22:02:49.994000+00:00,2.583333730697632
2019-05-19 23:03:00.303000+00:00,4.166666030883789
2019-05-20 00:02:49.984000+00:00,2.1666667461395264
2019-05-20 01:02:49.983000+00:00,2.3333334922790527
2019-05-20 02:02:49.984000+00:00,1.4166666269302368
2019-05-20 03:03:00.297000+00:00,2.25
2019-05-20 04:04:40.859000+00:00,1.5833332538604736
2019-05-20 05:02:50.671000+00:00,1.9166665077209477
2019-05-20 06:02:50.651000+00:00,1.6666665077209473
2019-05-20 07:02:50.653000+00:00,2.1666665077209477
2019-05-20 08:02:50.656000+00:00,4.5
2019-05-20 09:02:50.540000+00:00,3.416666984558105
2019-05-20 10:02:50.539000+00:00,7.0
2019-05-20 11:02:50.653000+00:00,7.9166669845581055
2019-05-20 12:02:50.652000+00:00,12.999999046325684
2019-05-20 13:02:50.651000+00:00,17.41666603088379
2019-05-20 14:02:50.539000+00:00,21.499998092651367
2019-05-20 15:03:00.851000+00:00,8.916666984558105
2019-05-20 16:02:50.652000+00:00,5.416666507720947
2019-05-20 17:02:50.640000+00:00,6.166666030883789
2019-05-20 18:03:00.852000+00:00,5.416666030883789
2019-05-20 19:02:50.655000+00:00,4.0
2019-05-20 20:02:50.651000+00:00,5.666666030883789
2019-05-20 21:02:50.668000+00:00,4.4166669845581055
2019-05-20 21:02:50.668000+00:00,4.4166669845581055
2019-05-20 21:02:50.668000+00:00,4.4166669845581055
2019-05-20 22:02:50.539000+00:00,6.333333492279053
2019-05-20 23:02:50.641000+00:00,5.583333015441895
2019-05-21 00:02:50.654000+00:00,6.333333492279053
2019-05-21 01:02:50.539000+00:00,3.75
2019-05-21 02:02:50.646000+00:00,6.083333015441895
2019-05-21 03:02:50.540000+00:00,3.5833332538604736
2019-05-21 04:04:40.947000+00:00,1.6666666269302368
2019-05-21 05:02:50.634000+00:00,2.0
2019-05-21 06:02:51.655000+00:00,4.333333492279053
2019-05-21 07:02:51.658000+00:00,4.0
2019-05-21 08:02:51.646000+00:00,5.0
2019-05-21 09:02:51.648000+00:00,3.5
2019-05-21 10:02:51.648000+00:00,4.25
2019-05-21 11:02:52.166000+00:00,4.0
2019-05-21 12:02:51.655000+00:00,11.583333969116213
2019-05-21 13:03:01.673000+00:00,11.416667938232422
2019-05-21 14:03:00.165000+00:00,10.666666984558104
2019-05-21 15:03:01.676000+00:00,8.583333015441895
2019-05-21 16:02:51.642000+00:00,3.4166667461395264
2019-05-21 17:02:51.200000+00:00,5.75
2019-05-21 18:02:51.601000+00:00,8.333333015441895
2019-05-21 19:03:01.844000+00:00,7.750000476837158
2019-05-21 20:02:51.619000+00:00,5.499999523162842
2019-05-21 21:02:51.608000+00:00,8.833333969116211
2019-05-21 22:02:52.647000+00:00,5.749999523162842
2019-05-21 23:03:03.688000+00:00,6.333333015441895
2019-05-22 00:03:01.672000+00:00,7.333333492279053
2019-05-22 01:02:51.651000+00:00,4.749999523162842
2019-05-22 02:02:51.635000+00:00,2.9166665077209477
2019-05-22 03:02:51.648000+00:00,3.000000238418579
2019-05-22 04:04:41.967000+00:00,5.083333015441895
2019-05-22 05:02:50.350000+00:00,5.9166669845581055
2019-05-22 06:02:50.655000+00:00,5.249999523162842
2019-05-22 07:03:00.966000+00:00,6.25
2019-05-22 08:02:50.657000+00:00,4.749999523162842
2019-05-22 09:02:50.355000+00:00,7.250000476837158
2019-05-22 10:02:50.654000+00:00,5.333333492279053
2019-05-22 11:02:50.654000+00:00,7.083333492279053
2019-05-22 12:02:50.659000+00:00,23.333330154418945
2019-05-22 13:02:50.658000+00:00,12.250001907348633
2019-05-22 14:02:50.660000+00:00,29.250001907348636
2019-05-22 15:02:50.646000+00:00,29.16666603088379
2019-05-22 16:02:50.654000+00:00,8.5
2019-05-22 17:02:50.655000+00:00,7.499999523162842
2019-05-22 18:02:50.658000+00:00,5.166666507720947
2019-05-22 19:02:50.659000+00:00,5.666666507720947
2019-05-22 20:02:50.670000+00:00,4.833333015441895
2019-05-22 21:02:50.650000+00:00,7.166666030883789
2019-05-22 22:02:50.635000+00:00,6.749999523162842
2019-05-22 23:02:50.645000+00:00,5.1666669845581055
2019-05-23 00:02:51.662000+00:00,2.750000238418579
2019-05-23 01:02:50.666000+00:00,1.75
2019-05-23 02:02:50.652000+00:00,2.0833332538604736
2019-05-23 03:02:50.654000+00:00,3.8333332538604736
2019-05-23 04:04:41.220000+00:00,4.0
2019-05-23 05:02:49.708000+00:00,4.416666507720947
2019-05-23 06:02:50.707000+00:00,3.0833334922790527
2019-05-23 07:02:50.709000+00:00,6.166666507720947
2019-05-23 08:02:50.709000+00:00,7.6666669845581055
2019-05-23 09:02:50.714000+00:00,13.166666984558104
2019-05-23 10:02:50.708000+00:00,16.66666603088379
2019-05-23 11:03:01.220000+00:00,11.166667938232422
2019-05-23 12:02:49.708000+00:00,11.083332061767578
2019-05-23 13:02:50.709000+00:00,11.583333015441896
2019-05-23 14:02:50.707000+00:00,17.5
2019-05-23 15:02:50.709000+00:00,19.08333396911621
2019-05-23 16:02:50.708000+00:00,10.583332061767578
2019-05-23 17:03:01.220000+00:00,5.499999523162842
2019-05-23 18:02:51.708000+00:00,4.5
2019-05-23 19:02:50.709000+00:00,4.083333492279053
2019-05-23 20:02:50.719000+00:00,3.75
2019-05-23 21:02:50.712000+00:00,3.0833334922790527
2019-05-23 22:02:50.708000+00:00,5.166666507720947
2019-05-23 23:02:50.708000+00:00,6.0
2019-05-24 00:02:50.709000+00:00,4.916666507720947
2019-05-24 01:02:50.709000+00:00,2.3333332538604736
2019-05-24 02:02:50.712000+00:00,3.4166665077209477
2019-05-24 03:02:50.712000+00:00,2.9166665077209477
2019-05-24 04:04:41.699000+00:00,6.0
2019-05-24 05:02:50.656000+00:00,2.1666665077209477
2019-05-24 06:02:50.678000+00:00,0.1666666716337204
2019-05-24 07:02:50.655000+00:00,0.5
2019-05-24 08:02:50.654000+00:00,0.0833333358168602
2019-05-24 09:03:00.966000+00:00,0.0
2019-05-24 10:02:50.654000+00:00,0.0
2019-05-24 11:02:50.656000+00:00,0.25
2019-05-24 12:02:50.654000+00:00,0.6666666865348816
2019-05-24 13:02:50.657000+00:00,2.0
2019-05-24 14:02:50.649000+00:00,2.0
2019-05-24 15:02:50.639000+00:00,4.583333015441895
2019-05-24 16:02:50.665000+00:00,2.9166667461395264
2019-05-24 17:02:50.674000+00:00,1.8333332538604736
2019-05-24 18:03:00.974000+00:00,1.5833333730697632
2019-05-24 19:02:50.655000+00:00,3.8333332538604736
2019-05-24 20:03:00.934000+00:00,2.3333332538604736
2019-05-24 21:02:50.649000+00:00,1.6666666269302368
2019-05-24 22:02:50.648000+00:00,0.5833333730697632
2019-05-24 23:02:50.656000+00:00,4.166666507720947
2019-05-25 00:02:50.360000+00:00,2.250000238418579
2019-05-25 01:03:00.968000+00:00,2.0833332538604736
2019-05-25 02:02:50.648000+00:00,2.9166665077209477
2019-05-25 03:02:50.396000+00:00,3.9166667461395264
2019-05-25 04:04:41.945000+00:00,5.166666507720947
2019-05-25 05:02:50.603000+00:00,7.1666669845581055
2019-05-25 06:02:50.624000+00:00,2.249999761581421
2019-05-25 07:02:50.653000+00:00,4.25
2019-05-25 08:02:50.653000+00:00,2.25
2019-05-25 09:02:50.659000+00:00,2.25
2019-05-25 10:02:50.657000+00:00,2.6666665077209477
2019-05-25 11:02:50.658000+00:00,3.5833332538604736
2019-05-25 12:02:50.657000+00:00,8.0
2019-05-25 13:02:50.657000+00:00,10.0
2019-05-25 14:02:50.653000+00:00,10.5
2019-05-25 15:02:50.653000+00:00,6.166666507720947
2019-05-25 16:02:50.657000+00:00,3.3333332538604736
2019-05-25 17:02:50.644000+00:00,5.333333492279053
2019-05-25 18:02:50.647000+00:00,4.499999523162842
2019-05-25 19:02:50.647000+00:00,4.0
2019-05-25 20:02:50.667000+00:00,5.583333015441895
2019-05-25 21:02:50.661000+00:00,2.75
2019-05-25 22:03:00.969000+00:00,4.25
2019-05-25 23:02:50.772000+00:00,5.666666507720947
2019-05-26 00:02:50.642000+00:00,6.833333015441895
2019-05-26 01:02:50.659000+00:00,6.583333492279053
2019-05-26 02:02:50.650000+00:00,12.416666984558104
2019-05-26 03:02:50.531000+00:00,10.333333015441896
2019-05-26 04:04:41.159000+00:00,6.250000476837158
2019-05-26 05:02:49.841000+00:00,5.333333492279053
2019-05-26 06:02:50.851000+00:00,5.6666669845581055
2019-05-26 07:02:50.840000+00:00,5.0
2019-05-26 08:02:50.840000+00:00,3.8333332538604736
2019-05-26 09:03:00.154000+00:00,3.8333334922790527
2019-05-26 10:02:49.841000+00:00,2.9166667461395264
2019-05-26 11:02:50.840000+00:00,4.166666507720947
2019-05-26 12:02:50.840000+00:00,2.0833334922790527
2019-05-26 13:02:50.841000+00:00,5.0
2019-05-26 14:30:51.760000+00:00,7.749999523162842
2019-05-26 15:02:49.760000+00:00,5.416666507720947
2019-05-26 16:02:49.762000+00:00,5.499999523162842
2019-05-26 17:02:50.760000+00:00,5.666666507720947
2019-05-26 18:02:50.761000+00:00,5.0
2019-05-26 19:02:50.762000+00:00,2.6666667461395264
2019-05-26 20:02:50.761000+00:00,3.249999761581421
2019-05-26 21:02:50.760000+00:00,3.9166665077209473
2019-05-26 22:02:50.761000+00:00,3.8333332538604736
2019-05-26 23:02:50.761000+00:00,4.083333492279053
2019-05-27 00:02:50.762000+00:00,4.9166669845581055
2019-05-27 01:02:50.761000+00:00,6.416666507720947
2019-05-27 02:02:50.772000+00:00,7.833333492279053
2019-05-27 03:02:50.760000+00:00,6.1666669845581055
2019-05-27 04:04:41.995000+00:00,5.999999523162842
2019-05-27 05:02:50.663000+00:00,6.416666507720947
2019-05-27 06:02:50.656000+00:00,5.583333492279053
2019-05-27 07:02:50.655000+00:00,5.25
2019-05-27 08:02:50.653000+00:00,7.3333330154418945
2019-05-27 09:02:50.653000+00:00,9.499999046325684
2019-05-27 10:03:00.967000+00:00,8.583333969116211
2019-05-27 11:03:00.967000+00:00,7.750000953674316
2019-05-27 12:02:50.652000+00:00,5.916666507720947
2019-05-27 13:02:50.655000+00:00,3.4166667461395264
2019-05-27 14:03:00.968000+00:00,1.9166666269302368
2019-05-27 15:02:50.655000+00:00,0.9166666269302368
2019-05-27 16:02:50.660000+00:00,2.9166665077209477
2019-05-27 17:02:50.650000+00:00,7.0
2019-05-27 18:03:02.637000+00:00,1.2500001192092896
2019-05-27 19:02:50.648000+00:00,0.3333333432674408
2019-05-27 20:03:00.871000+00:00,0.1666666716337204
2019-05-27 21:02:50.560000+00:00,0.0833333358168602
2019-05-27 22:02:50.653000+00:00,0.8333333730697632
2019-05-27 23:02:50.652000+00:00,0.3333333432674408
2019-05-28 00:02:50.654000+00:00,1.25
2019-05-28 01:02:50.662000+00:00,2.0833334922790527
2019-05-28 02:02:50.658000+00:00,3.8333330154418954
2019-05-28 03:02:50.668000+00:00,5.1666669845581055
2019-05-28 04:04:41.213000+00:00,2.1666667461395264
2019-05-28 05:02:49.898000+00:00,2.75
2019-05-28 06:02:50.898000+00:00,0.5833333730697632
2019-05-28 07:02:50.900000+00:00,0.5
2019-05-28 08:02:50.897000+00:00,0.4166666865348816
2019-05-28 09:02:49.897000+00:00,0.4166666865348816
2019-05-28 10:02:50.898000+00:00,0.1666666716337204
2019-05-28 11:02:50.898000+00:00,0.4166666865348816
2019-05-28 12:02:50.897000+00:00,1.4166666269302368
2019-05-28 13:02:50.897000+00:00,12.166666984558104
2019-05-28 14:02:50.900000+00:00,14.0
2019-05-28 15:02:50.898000+00:00,3.0833332538604736
2019-05-28 16:02:49.897000+00:00,1.0833333730697632
2019-05-28 17:02:49.897000+00:00,2.3333332538604736
2019-05-28 18:02:50.897000+00:00,2.75
2019-05-28 19:02:50.898000+00:00,1.0
2019-05-28 20:02:50.897000+00:00,2.749999761581421
2019-05-28 21:02:50.899000+00:00,5.083333015441895
2019-05-28 22:03:01.211000+00:00,5.75
2019-05-28 23:02:49.898000+00:00,4.083333015441895
2019-05-29 00:02:49.898000+00:00,7.750000476837158
2019-05-29 01:02:50.897000+00:00,2.0833332538604736
2019-05-29 02:02:50.897000+00:00,4.749999523162842
2019-05-29 03:02:50.896000+00:00,5.166666507720947
2019-05-29 04:04:53.637000+00:00,5.666666507720947
2019-05-29 05:03:03.101000+00:00,4.333333492279053
2019-05-29 06:03:01.627000+00:00,4.1666669845581055
2019-05-29 07:03:02.630000+00:00,3.1666665077209477
2019-05-29 08:02:50.130000+00:00,2.25
2019-05-29 09:03:02.628000+00:00,2.999999761581421
2019-05-29 10:03:01.629000+00:00,4.0
2019-05-29 11:03:02.101000+00:00,2.999999761581421
2019-05-29 12:03:02.627000+00:00,3.3333334922790527
2019-05-29 13:03:02.626000+00:00,10.5
2019-05-29 14:03:02.632000+00:00,20.250001907348636
2019-05-29 15:03:00.101000+00:00,14.666666030883787
2019-05-29 16:03:02.675000+00:00,7.499999523162842
2019-05-29 17:02:51.130000+00:00,7.75
2019-05-29 17:02:51.130000+00:00,7.75
2019-05-29 18:02:50.140000+00:00,5.750000476837158
2019-05-29 19:02:50.128000+00:00,4.4166669845581055
2019-05-29 20:03:01.670000+00:00,4.6666669845581055
2019-05-29 21:03:03.630000+00:00,6.833333015441895
2019-05-29 22:03:13.640000+00:00,6.6666669845581055
2019-05-29 23:03:02.618000+00:00,12.833333969116213
2019-05-30 00:03:03.104000+00:00,8.749999046325684
2019-05-30 01:03:02.643000+00:00,6.583333492279053
2019-05-30 02:03:00.629000+00:00,5.25
2019-05-30 03:03:02.631000+00:00,2.1666665077209477
2019-05-30 04:04:41.973000+00:00,2.3333332538604736
2019-05-30 05:02:50.658000+00:00,3.0833332538604736
2019-05-30 06:02:51.677000+00:00,2.75
2019-05-30 07:02:51.668000+00:00,2.25
2019-05-30 08:02:52.644000+00:00,1.3333334922790527
2019-05-30 09:02:51.654000+00:00,0.9166666269302368
2019-05-30 10:02:51.654000+00:00,3.9166669845581055
2019-05-30 11:02:51.658000+00:00,17.583332061767578
2019-05-30 12:02:51.675000+00:00,4.333333492279053
2019-05-30 13:03:01.967000+00:00,7.666666507720947
2019-05-30 14:02:50.652000+00:00,0.7500000596046448
2019-05-30 15:02:51.653000+00:00,0.0833333358168602
2019-05-30 16:02:51.659000+00:00,0.1666666716337204
2019-05-30 17:02:51.353000+00:00,0.3333333432674408
2019-05-30 18:02:50.645000+00:00,0.0
2019-05-30 19:02:51.642000+00:00,0.1666666716337204
2019-05-30 20:02:51.645000+00:00,0.25
2019-05-30 21:02:51.201000+00:00,0.3333333432674408
2019-05-30 22:02:51.655000+00:00,7.416666507720947
2019-05-30 23:02:51.660000+00:00,0.8333333134651184
2019-05-31 00:03:01.964000+00:00,8.0
2019-05-31 01:02:50.656000+00:00,8.25
2019-05-31 02:02:51.648000+00:00,8.999999046325684
2019-05-31 03:02:51.654000+00:00,5.9166669845581055
2019-05-31 04:04:42.970000+00:00,1.75
2019-05-31 05:02:50.661000+00:00,1.6666665077209473
2019-05-31 06:02:51.670000+00:00,0.1666666716337204
2019-05-31 07:02:51.653000+00:00,0.25
2019-05-31 08:03:01.964000+00:00,0.0833333358168602
2019-05-31 09:02:50.654000+00:00,0.0
2019-05-31 10:02:51.659000+00:00,0.1666666716337204
2019-05-31 11:02:51.658000+00:00,0.5
2019-05-31 12:02:51.254000+00:00,0.9166666269302368
2019-05-31 13:02:51.665000+00:00,1.5
2019-05-31 14:02:51.676000+00:00,3.3333334922790527
2019-05-31 15:03:00.979000+00:00,3.4166665077209477
2019-05-31 16:02:50.647000+00:00,0.5833333134651184
2019-05-31 17:02:51.640000+00:00,0.25
2019-05-31 18:02:50.614000+00:00,1.9166667461395264
2019-05-31 19:02:50.630000+00:00,9.666666030883787
2019-05-31 20:02:50.649000+00:00,2.9166665077209477
2019-05-31 21:02:50.645000+00:00,2.3333332538604736
2019-05-31 22:02:50.656000+00:00,2.25
2019-05-31 23:02:51.661000+00:00,4.333333492279053
2019-06-01 00:02:50.651000+00:00,4.166666507720947
2019-06-01 01:02:50.652000+00:00,6.583333015441895
2019-06-01 02:02:50.650000+00:00,2.9166665077209477
2019-06-01 03:02:50.669000+00:00,5.25
2019-06-01 04:04:41.973000+00:00,4.9166669845581055
2019-06-01 06:02:50.667000+00:00,1.7500001192092896
2019-06-01 07:02:50.663000+00:00,0.6666666269302368
2019-06-01 08:02:50.660000+00:00,1.3333332538604736
2019-06-01 09:02:50.659000+00:00,1.4166667461395264
2019-06-01 10:02:50.658000+00:00,2.3333332538604736
2019-06-01 11:02:50.660000+00:00,5.833333015441895
2019-06-01 12:02:50.666000+00:00,7.9166669845581055
2019-06-01 13:03:00.967000+00:00,7.75
2019-06-01 14:02:50.655000+00:00,6.500000476837158
2019-06-01 15:02:50.661000+00:00,13.0
2019-06-01 16:02:50.659000+00:00,3.9166667461395264
2019-06-01 17:03:00.973000+00:00,8.833333969116211
2019-06-01 18:02:50.654000+00:00,3.3333334922790527
2019-06-01 19:02:50.666000+00:00,1.9166667461395264
2019-06-01 20:03:00.967000+00:00,2.4166667461395264
2019-06-01 21:02:50.666000+00:00,3.0833332538604736
2019-06-01 22:02:50.652000+00:00,1.1666666269302368
2019-06-01 23:02:50.647000+00:00,2.0833332538604736
2019-06-02 01:03:00.974000+00:00,1.4166666269302368
2019-06-02 02:02:50.676000+00:00,2.916666984558105
2019-06-02 03:02:50.665000+00:00,2.4166667461395264
2019-06-02 04:04:40.969000+00:00,2.75
2019-06-02 05:02:50.654000+00:00,1.6666666269302368
2019-06-02 06:02:50.653000+00:00,4.4166669845581055
2019-06-02 07:02:50.656000+00:00,3.5833330154418945
2019-06-02 08:02:50.661000+00:00,5.1666669845581055
2019-06-02 09:02:50.659000+00:00,2.0833334922790527
2019-06-02 10:02:50.662000+00:00,1.25
2019-06-02 11:02:50.661000+00:00,1.0
2019-06-02 12:02:50.659000+00:00,1.4166667461395264
2019-06-02 13:02:50.660000+00:00,1.7500001192092896
2019-06-02 14:02:50.666000+00:00,4.916666507720947
2019-06-02 15:02:50.659000+00:00,4.0
2019-06-02 16:02:50.655000+00:00,2.3333334922790527
2019-06-02 17:03:00.980000+00:00,5.749999523162842
2019-06-02 18:02:50.660000+00:00,5.083333492279053
2019-06-02 19:02:50.665000+00:00,5.083333492279053
2019-06-02 20:03:00.901000+00:00,5.916666507720947
2019-06-02 21:02:50.672000+00:00,7.666666507720947
2019-06-02 22:02:50.670000+00:00,11.166666030883787
2019-06-02 23:03:00.974000+00:00,56.0
2019-06-03 00:02:50.666000+00:00,40.25000381469727
2019-06-03 01:02:50.588000+00:00,13.583333015441896
2019-06-03 02:02:50.696000+00:00,9.916666984558104
2019-06-03 03:02:50.689000+00:00,9.666666030883787
2019-06-03 04:03:10.967000+00:00,7.416666507720947
2019-06-03 05:02:50.670000+00:00,5.666666507720947
2019-06-03 06:02:50.648000+00:00,5.583333015441895
2019-06-03 07:03:00.971000+00:00,5.083333492279053
2019-06-03 08:02:50.649000+00:00,3.9166665077209473
2019-06-03 09:02:50.651000+00:00,3.0833334922790527
2019-06-03 10:02:50.650000+00:00,1.4999998807907104
2019-06-03 11:02:50.653000+00:00,3.6666667461395264
2019-06-03 12:02:50.598000+00:00,3.6666665077209473
2019-06-03 13:03:00.965000+00:00,9.833333015441896
2019-06-03 14:02:50.656000+00:00,9.583333015441896
2019-06-03 15:02:50.651000+00:00,12.083334922790527
2019-06-03 17:03:00.961000+00:00,11.166666984558104
2019-06-03 18:02:50.648000+00:00,12.083333969116213
2019-06-03 19:02:50.637000+00:00,8.5
2019-06-03 20:03:00.913000+00:00,7.083333492279053
2019-06-03 21:02:50.646000+00:00,8.333333015441895
2019-06-03 22:02:50.648000+00:00,7.833333969116211
2019-06-03 23:02:50.650000+00:00,6.916666507720947
2019-06-04 00:02:50.651000+00:00,7.916666507720947
2019-06-04 01:02:50.643000+00:00,8.333333015441895
2019-06-04 02:03:00.954000+00:00,7.9166669845581055
2019-06-04 03:02:59.970000+00:00,7.083333969116211
2019-06-04 04:04:41.994000+00:00,6.583333015441895
2019-06-04 05:02:50.671000+00:00,8.166666030883789
2019-06-04 06:02:50.671000+00:00,9.25
2019-06-04 07:02:50.668000+00:00,9.25
2019-06-04 08:02:50.668000+00:00,9.75
2019-06-04 09:02:50.669000+00:00,8.083333015441895
2019-06-04 10:02:50.670000+00:00,10.0
2019-06-04 11:02:50.669000+00:00,8.666666984558105
2019-06-04 12:02:50.669000+00:00,12.500000953674316
2019-06-04 13:02:50.672000+00:00,21.583332061767575
2019-06-04 16:22:01.307000+00:00,9.083333015441896
2019-06-04 17:02:49.992000+00:00,10.000000953674316
2019-06-04 18:02:49.994000+00:00,9.416666984558104
2019-06-04 19:02:49.992000+00:00,6.083333015441895
2019-06-04 20:02:49.993000+00:00,7.333333969116211
2019-06-04 21:02:49.992000+00:00,5.916666507720947
2019-06-04 22:02:50.964000+00:00,7.4166669845581055
2019-06-04 23:02:51.963000+00:00,6.1666669845581055
2019-06-05 00:02:50.992000+00:00,8.25
2019-06-05 01:02:49.993000+00:00,14.833334922790527
2019-06-05 02:02:49.992000+00:00,11.75
2019-06-05 03:02:49.992000+00:00,9.666666984558104
2019-06-05 04:04:41.770000+00:00,9.5
2019-06-05 05:02:49.764000+00:00,5.333333492279053
2019-06-05 06:02:50.762000+00:00,5.583333015441895
2019-06-05 07:02:50.764000+00:00,5.499999523162842
2019-06-05 08:02:49.764000+00:00,7.25
2019-06-05 09:03:00.770000+00:00,4.25
2019-06-05 10:02:49.764000+00:00,3.6666665077209473
2019-06-05 11:02:50.763000+00:00,6.249999523162842
2019-06-05 12:02:50.763000+00:00,6.249999523162842
2019-06-05 13:03:01.770000+00:00,9.416666030883787
2019-06-05 23:26:26.603000+00:00,9.833333015441896
2019-06-06 00:02:50.675000+00:00,6.25
2019-06-06 01:02:51.657000+00:00,4.916666507720947
2019-06-06 02:02:50.288000+00:00,7.000000476837158
2019-06-06 03:02:50.655000+00:00,7.166666507720947
2019-06-06 04:04:41.999000+00:00,6.25
2019-06-06 05:02:50.657000+00:00,4.9166669845581055
2019-06-06 06:02:50.663000+00:00,5.25
2019-06-06 07:02:50.669000+00:00,4.916666507720947
2019-06-06 08:02:51.653000+00:00,4.833333015441895
2019-06-06 09:02:50.656000+00:00,3.5
2019-06-06 10:02:50.660000+00:00,1.6666666269302368
2019-06-06 11:02:50.667000+00:00,1.4166666269302368
2019-06-06 12:02:50.660000+00:00,4.75
2019-06-06 14:03:01.267000+00:00,8.833333015441895
2019-06-06 15:02:49.961000+00:00,19.25
2019-06-06 16:02:49.964000+00:00,11.75
2019-06-06 17:02:49.960000+00:00,6.333333015441895
2019-06-06 18:02:49.951000+00:00,5.583333015441895
2019-06-06 19:02:49.950000+00:00,5.833333015441895
2019-06-06 20:02:49.951000+00:00,8.166666030883789
2019-06-06 21:02:49.951000+00:00,6.583333015441895
2019-06-06 22:02:49.951000+00:00,12.0
2019-06-06 23:02:49.950000+00:00,26.25
2019-06-07 00:02:49.950000+00:00,9.916666030883787
2019-06-07 01:03:00.265000+00:00,10.999999046325684
2019-06-07 02:02:50.950000+00:00,21.25
2019-06-07 03:02:49.951000+00:00,8.833333015441895
2019-06-07 04:03:01.527000+00:00,3.1666667461395264
2019-06-07 05:02:50.223000+00:00,13.666666030883787
2019-06-07 06:02:50.213000+00:00,6.583333492279053
2019-06-07 07:02:50.214000+00:00,14.833333969116213
2019-06-07 08:02:50.213000+00:00,13.083333969116213
2019-06-07 09:02:50.219000+00:00,4.999999523162842
2019-06-07 10:02:50.213000+00:00,8.416666030883789
2019-06-07 11:03:00.543000+00:00,5.75
2019-06-07 12:02:51.213000+00:00,3.3333334922790527
2019-06-07 13:03:00.964000+00:00,13.333333015441896
2019-06-07 14:02:49.647000+00:00,12.916666030883787
2019-06-07 15:02:50.647000+00:00,8.5
2019-06-07 16:03:00.970000+00:00,10.083333969116213
2019-06-07 17:02:50.657000+00:00,10.333333015441896
2019-06-07 18:02:50.656000+00:00,5.916666507720947
2019-06-07 19:02:50.657000+00:00,7.250000953674316
2019-06-07 20:02:50.657000+00:00,11.5
2019-06-07 21:02:50.657000+00:00,5.4166669845581055
2019-06-07 22:02:50.657000+00:00,13.416666984558104
2019-06-07 23:02:50.647000+00:00,19.66666603088379
2019-06-08 00:03:00.961000+00:00,22.499998092651367
2019-06-08 01:02:50.647000+00:00,14.5
2019-06-08 02:02:50.647000+00:00,11.083333969116213
2019-06-08 03:02:50.647000+00:00,11.333333969116213
2019-06-08 04:03:00.902000+00:00,15.416667938232422
2019-06-08 05:02:50.580000+00:00,8.833333015441895
2019-06-08 06:02:50.590000+00:00,3.3333332538604736
2019-06-08 07:03:00.893000+00:00,3.25
2019-06-08 08:02:50.579000+00:00,5.0
2019-06-08 09:02:50.579000+00:00,5.749999523162842
2019-06-08 10:02:50.579000+00:00,4.166666507720947
2019-06-08 11:02:50.582000+00:00,2.9166665077209477
2019-06-08 12:02:50.579000+00:00,6.916666507720947
2019-06-08 13:02:50.579000+00:00,10.083333015441896
2019-06-08 14:02:50.579000+00:00,11.916667938232422
2019-06-08 15:02:50.580000+00:00,8.75
2019-06-08 16:02:50.579000+00:00,10.583333015441896
2019-06-08 17:02:50.578000+00:00,11.583333015441896
2019-06-08 18:03:00.893000+00:00,9.250000953674316
2019-06-08 19:02:50.590000+00:00,7.833333492279053
2019-06-08 20:03:00.890000+00:00,8.333333015441895
2019-06-08 21:02:50.580000+00:00,4.333333015441895
2019-06-08 22:02:50.579000+00:00,7.749999523162842
2019-06-08 23:02:50.579000+00:00,5.4166669845581055
2019-06-09 00:02:50.577000+00:00,6.416666507720947
2019-06-09 01:02:50.590000+00:00,17.16666603088379
2019-06-09 02:02:50.580000+00:00,14.5
2019-06-09 03:02:50.580000+00:00,13.583333969116213
2019-06-09 04:03:01.400000+00:00,15.25
2019-06-09 05:02:49.681000+00:00,9.583333969116213
2019-06-09 06:02:50.680000+00:00,8.833333015441895
2019-06-09 07:03:00.985000+00:00,8.250000953674316
2019-06-09 08:02:50.671000+00:00,8.999999046325684
2019-06-09 09:02:50.671000+00:00,11.250000953674316
2019-06-09 10:02:50.671000+00:00,13.083333015441896
2019-06-09 11:03:00.994000+00:00,7.416666030883789
2019-06-09 12:02:50.671000+00:00,9.666666030883787
2019-06-09 13:02:50.671000+00:00,7.8333330154418945
2019-06-09 14:02:50.671000+00:00,5.333333492279053
2019-06-09 15:03:00.985000+00:00,4.916666507720947
2019-06-09 16:02:50.671000+00:00,8.5
2019-06-09 17:02:50.671000+00:00,8.0
2019-06-09 18:02:50.671000+00:00,7.000000476837158
2019-06-09 19:02:50.681000+00:00,7.416666507720947
2019-06-09 20:02:50.671000+00:00,7.416666507720947
2019-06-09 21:02:50.671000+00:00,8.166666030883789
2019-06-09 22:02:50.671000+00:00,10.750000953674316
2019-06-09 23:02:50.671000+00:00,10.749999046325684
2019-06-10 00:02:50.671000+00:00,10.833333015441896
2019-06-10 01:02:50.671000+00:00,8.416666984558105
2019-06-10 02:02:50.671000+00:00,9.750000953674316
2019-06-10 03:02:50.680000+00:00,7.750000476837158
2019-06-10 04:03:00.914000+00:00,7.8333330154418945
2019-06-10 05:02:49.600000+00:00,8.333333015441895
2019-06-10 06:02:50.601000+00:00,15.833333969116213
2019-06-10 07:02:50.591000+00:00,26.58333396911621
2019-06-10 08:02:50.591000+00:00,7.000000476837158
2019-06-10 09:02:50.590000+00:00,9.083333015441896
2019-06-10 10:02:50.589000+00:00,7.083333492279053
2019-06-10 11:02:50.601000+00:00,10.333333015441896
2019-06-10 12:02:50.591000+00:00,8.75
2019-06-10 13:02:50.591000+00:00,8.000000953674316
2019-06-10 14:02:50.590000+00:00,8.666666984558105
2019-06-10 15:02:50.601000+00:00,8.5
2019-06-10 16:02:50.591000+00:00,10.75
2019-06-10 17:02:50.591000+00:00,6.333333015441895
2019-06-10 18:02:50.590000+00:00,7.416666507720947
2019-06-10 19:02:50.591000+00:00,5.166666507720947
2019-06-10 20:02:50.590000+00:00,8.833333969116211
2019-06-10 21:02:50.590000+00:00,12.75
2019-06-10 22:02:50.590000+00:00,24.166667938232425
2019-06-10 23:02:50.600000+00:00,8.166666984558105
2019-06-11 00:02:50.600000+00:00,11.166666984558104
2019-06-11 01:02:50.595000+00:00,7.1666669845581055
2019-06-11 02:02:50.591000+00:00,5.9166669845581055
2019-06-11 03:02:50.591000+00:00,7.6666669845581055
2019-06-11 04:03:01.346000+00:00,5.499999523162842
2019-06-11 05:02:50.230000+00:00,8.0
2019-06-11 06:02:50.120000+00:00,14.749999046325684
2019-06-11 07:02:50.130000+00:00,12.333334922790527
2019-06-11 08:02:50.130000+00:00,9.916666984558104
2019-06-11 09:02:50.120000+00:00,23.75
2019-06-11 10:03:00.326000+00:00,9.083333015441896
2019-06-11 11:02:51.130000+00:00,17.416667938232422
2019-06-11 12:02:50.110000+00:00,29.91666603088379
2019-06-11 13:02:50.120000+00:00,17.5
2019-06-11 14:02:50.120000+00:00,12.166666984558104
2019-06-11 15:02:50.120000+00:00,7.833332538604736
2019-06-11 16:02:50.120000+00:00,14.000000953674316
2019-06-11 17:02:50.220000+00:00,12.083333015441896
2019-06-11 18:02:50.120000+00:00,10.000000953674316
2019-06-11 19:02:50.120000+00:00,11.833333969116213
2019-06-11 20:02:50.130000+00:00,16.416667938232422
2019-06-11 21:02:50.180000+00:00,19.0
2019-06-11 22:02:50.130000+00:00,25.41666412353516
2019-06-11 23:02:50.120000+00:00,26.0
2019-06-12 00:02:50.220000+00:00,26.833332061767575
2019-06-12 01:02:50.110000+00:00,27.749998092651367
2019-06-12 02:02:50.220000+00:00,21.08333396911621
2019-06-12 03:02:50.130000+00:00,31.333332061767575
2019-06-12 04:03:00.962000+00:00,26.500001907348636
2019-06-12 05:02:49.649000+00:00,29.916667938232425
2019-06-12 06:03:00.953000+00:00,23.33333396911621
2019-06-12 07:02:50.639000+00:00,8.0
2019-06-12 08:02:50.639000+00:00,6.499999523162842
2019-06-12 09:02:50.639000+00:00,3.9166665077209473
2019-06-12 10:03:00.953000+00:00,5.75
2019-06-12 11:02:50.639000+00:00,6.499999523162842
2019-06-12 12:02:50.639000+00:00,14.166666984558104
2019-06-12 13:02:50.649000+00:00,40.25
2019-06-12 14:02:50.639000+00:00,8.416666030883789
2019-06-12 15:02:50.639000+00:00,4.25
2019-06-12 16:02:50.639000+00:00,8.0
2019-06-12 17:02:50.639000+00:00,6.166666030883789
2019-06-12 18:02:50.639000+00:00,3.3333334922790527
2019-06-12 19:02:50.649000+00:00,31.75
2019-06-12 20:02:50.649000+00:00,21.08333396911621
2019-06-12 21:02:50.650000+00:00,12.000000953674316
2019-06-12 22:02:50.639000+00:00,25.0
2019-06-12 23:02:50.639000+00:00,10.083333015441896
2019-06-13 00:03:00.962000+00:00,10.999999046325684
2019-06-13 01:02:50.640000+00:00,8.5
2019-06-13 02:02:50.639000+00:00,10.250000953674316
2019-06-13 03:02:50.640000+00:00,10.250000953674316
2019-06-13 04:03:01.467000+00:00,12.666666030883787
2019-06-13 05:02:50.153000+00:00,13.583333015441896
2019-06-13 06:02:50.143000+00:00,13.416666030883787
2019-06-13 07:03:00.457000+00:00,12.750000953674316
2019-06-13 08:02:51.143000+00:00,15.333334922790527
2019-06-13 09:02:50.149000+00:00,12.416666984558104
2019-06-13 10:02:50.143000+00:00,14.333333969116213
2019-06-13 11:03:00.457000+00:00,24.166667938232425
2019-06-13 12:02:51.152000+00:00,27.249998092651367
2019-06-13 13:02:50.143000+00:00,36.499996185302734
2019-06-13 14:02:50.143000+00:00,33.5
2019-06-13 15:02:50.143000+00:00,9.833333015441896
2019-06-13 16:02:50.143000+00:00,9.666666984558104
2019-06-13 17:02:50.143000+00:00,8.666666984558105
2019-06-13 18:02:50.142000+00:00,11.083333015441896
2019-06-13 19:02:50.142000+00:00,12.75
2019-06-13 20:02:50.143000+00:00,12.083333015441896
2019-06-13 21:02:50.143000+00:00,13.666666030883787
2019-06-13 22:02:50.143000+00:00,14.833333969116213
2019-06-13 23:02:50.143000+00:00,11.0
2019-06-14 00:02:50.143000+00:00,11.333333969116213
2019-06-14 01:02:50.153000+00:00,12.999999046325684
2019-06-14 02:02:50.145000+00:00,16.16666603088379
2019-06-14 03:02:50.153000+00:00,17.0
2019-06-14 04:03:01.523000+00:00,14.916666030883787
2019-06-14 05:02:50.199000+00:00,15.583333969116213
2019-06-14 06:02:50.189000+00:00,15.0
2019-06-14 07:03:00.504000+00:00,13.250000953674316
2019-06-14 08:02:51.190000+00:00,9.75
2019-06-14 09:02:50.188000+00:00,7.583333492279053
2019-06-14 10:02:50.189000+00:00,16.08333396911621
2019-06-14 11:02:50.189000+00:00,22.000001907348636
2019-06-14 12:02:50.189000+00:00,30.66666603088379
2019-06-14 13:02:50.189000+00:00,17.91666603088379
2019-06-14 14:02:50.189000+00:00,18.41666603088379
2019-06-14 15:02:50.190000+00:00,18.75
2019-06-14 16:02:50.190000+00:00,21.666667938232425
2019-06-14 17:02:50.190000+00:00,10.666666030883787
2019-06-14 18:02:50.190000+00:00,16.41666603088379
2019-06-14 19:02:50.189000+00:00,9.916666984558104
2019-06-14 20:02:50.189000+00:00,16.5
2019-06-14 21:02:50.189000+00:00,17.749998092651367
2019-06-14 22:02:50.191000+00:00,18.333332061767575
2019-06-14 23:02:50.200000+00:00,15.916666030883787
2019-06-15 00:02:50.190000+00:00,20.083332061767575
2019-06-15 01:02:50.190000+00:00,22.416667938232425
2019-06-15 02:02:50.190000+00:00,17.25
2019-06-15 03:02:50.189000+00:00,17.75
2019-06-15 04:03:01.155000+00:00,15.916666030883787
2019-06-15 05:02:49.841000+00:00,14.75
2019-06-15 06:02:49.843000+00:00,17.5
2019-06-15 07:03:00.156000+00:00,12.166666984558104
2019-06-15 08:02:50.841000+00:00,12.166667938232422
2019-06-15 09:02:49.841000+00:00,9.333333015441896
2019-06-15 10:02:49.841000+00:00,9.749999046325684
2019-06-15 11:02:49.841000+00:00,14.833333015441896
2019-06-15 12:02:49.841000+00:00,28.083335876464844
2019-06-15 13:02:49.841000+00:00,25.333332061767575
2019-06-15 14:03:00.177000+00:00,27.58333396911621
2019-06-15 15:02:50.841000+00:00,23.083332061767575
2019-06-15 16:02:49.851000+00:00,17.83333396911621
2019-06-15 17:02:49.841000+00:00,25.083332061767575
2019-06-15 18:02:49.841000+00:00,11.833333015441896
2019-06-15 19:02:49.841000+00:00,10.333333969116213
2019-06-15 20:03:00.153000+00:00,13.000000953674316
2019-06-15 21:02:50.841000+00:00,13.583333015441896
2019-06-15 22:02:49.841000+00:00,14.083333969116213
2019-06-15 23:02:49.841000+00:00,17.91666603088379
2019-06-16 00:02:49.841000+00:00,16.583332061767578
2019-06-16 01:02:49.850000+00:00,16.083332061767578
2019-06-16 02:02:49.844000+00:00,21.416667938232425
2019-06-16 03:02:49.842000+00:00,20.0
2019-06-16 04:03:00.554000+00:00,12.416666984558104
2019-06-16 05:02:50.242000+00:00,19.41666603088379
2019-06-16 06:02:50.242000+00:00,27.083332061767575
2019-06-16 07:02:50.243000+00:00,19.41666603088379
2019-06-16 08:02:50.242000+00:00,17.91666603088379
2019-06-16 09:02:50.241000+00:00,29.25
2019-06-16 10:02:50.242000+00:00,16.0
2019-06-16 11:02:50.245000+00:00,9.166666030883787
2019-06-16 12:02:50.241000+00:00,17.083332061767578
2019-06-16 13:02:50.252000+00:00,29.833332061767575
2019-06-16 14:02:50.253000+00:00,13.083333015441896
2019-06-16 15:02:50.242000+00:00,17.666667938232422
2019-06-16 16:02:50.242000+00:00,21.5
2019-06-16 17:02:50.241000+00:00,20.916667938232425
2019-06-16 18:02:50.253000+00:00,17.083332061767578
2019-06-16 19:02:50.252000+00:00,14.5
2019-06-16 20:02:50.243000+00:00,11.416666030883787
2019-06-16 21:02:50.243000+00:00,8.5
2019-06-16 22:02:50.242000+00:00,10.583333015441896
2019-06-16 23:02:50.242000+00:00,10.750000953674316
2019-06-17 00:02:50.252000+00:00,13.916666984558104
2019-06-17 01:02:50.241000+00:00,14.333333969116213
2019-06-17 02:03:00.558000+00:00,11.166666984558104
2019-06-17 03:02:51.242000+00:00,16.41666603088379
2019-06-17 04:03:00.720000+00:00,15.000000953674316
2019-06-17 05:02:50.387000+00:00,15.749999046325684
2019-06-17 06:02:50.386000+00:00,12.749999046325684
2019-06-17 07:02:50.386000+00:00,16.166667938232422
2019-06-17 08:02:50.386000+00:00,14.333334922790527
2019-06-17 09:02:50.389000+00:00,15.25
2019-06-17 10:02:50.386000+00:00,17.58333396911621
2019-06-17 11:02:50.386000+00:00,36.83333206176758
2019-06-17 12:02:50.387000+00:00,32.75
2019-06-17 13:02:50.386000+00:00,18.91666603088379
2019-06-17 14:02:50.385000+00:00,8.083333015441895
2019-06-17 15:03:00.719000+00:00,17.83333396911621
2019-06-17 16:02:51.397000+00:00,12.916666984558104
2019-06-17 17:02:50.386000+00:00,7.3333330154418945
2019-06-17 18:02:50.386000+00:00,14.0
2019-06-17 19:02:50.386000+00:00,10.083333969116213
2019-06-17 20:02:50.396000+00:00,16.5
2019-06-17 21:02:50.386000+00:00,7.416666507720947
2019-06-17 22:02:50.386000+00:00,8.25
2019-06-17 23:02:50.386000+00:00,13.666666030883787
2019-06-18 00:03:00.699000+00:00,11.083333969116213
2019-06-18 01:02:51.386000+00:00,13.333333969116213
2019-06-18 02:02:50.389000+00:00,14.083333969116213
2019-06-18 03:02:50.386000+00:00,17.25
2019-06-18 04:03:00.302000+00:00,19.16666603088379
2019-06-18 05:02:49.989000+00:00,12.416666030883787
2019-06-18 06:02:49.988000+00:00,8.25
2019-06-18 07:02:49.989000+00:00,13.916666030883787
2019-06-18 08:02:49.988000+00:00,19.41666603088379
2019-06-18 09:02:49.989000+00:00,19.08333396911621
2019-06-18 10:02:49.988000+00:00,39.58333587646485
2019-06-18 11:02:49.988000+00:00,36.66666793823242
2019-06-18 12:02:49.999000+00:00,7.3333330154418945
2019-06-18 13:02:49.988000+00:00,7.249999523162842
2019-06-18 14:02:49.988000+00:00,7.8333330154418945
2019-06-18 15:02:49.989000+00:00,7.833333492279053
2019-06-18 16:02:49.988000+00:00,8.333333969116211
2019-06-18 17:02:49.988000+00:00,7.499998569488525
2019-06-18 18:02:49.998000+00:00,13.75
2019-06-18 19:02:49.988000+00:00,7.083333492279053
2019-06-18 20:02:49.988000+00:00,8.333333015441895
2019-06-18 21:02:49.988000+00:00,15.333333969116213
2019-06-18 22:02:49.988000+00:00,11.166666984558104
2019-06-18 23:02:49.998000+00:00,9.166666984558104
2019-06-19 00:02:49.998000+00:00,11.083333015441896
2019-06-19 01:02:49.988000+00:00,10.833333015441896
2019-06-19 02:02:49.988000+00:00,14.583333015441896
2019-06-19 03:02:49.988000+00:00,12.166666984558104
2019-06-19 04:03:00.554000+00:00,6.750000476837158
2019-06-19 05:02:50.242000+00:00,5.833332538604736
2019-06-19 06:02:50.242000+00:00,7.083333015441895
2019-06-19 07:02:50.242000+00:00,7.8333330154418945
2019-06-19 08:02:50.242000+00:00,5.6666669845581055
2019-06-19 09:02:50.243000+00:00,12.166666984558104
2019-06-19 10:02:50.242000+00:00,9.833333969116213
2019-06-19 11:03:00.556000+00:00,8.333333015441895
2019-06-19 12:02:51.242000+00:00,11.333333015441896
2019-06-19 13:02:50.242000+00:00,26.83333396911621
2019-06-19 14:02:50.243000+00:00,35.583335876464844
2019-06-19 15:02:50.242000+00:00,39.08333206176758
2019-06-19 16:02:50.252000+00:00,25.166667938232425
2019-06-19 17:03:00.556000+00:00,14.666665077209473
2019-06-19 18:03:01.556000+00:00,11.250000953674316
2019-06-19 19:02:51.241000+00:00,16.0
2019-06-19 20:02:50.243000+00:00,15.166666984558104
2019-06-19 21:02:50.243000+00:00,16.25
2019-06-19 22:02:50.242000+00:00,16.58333396911621
2019-06-19 23:02:50.243000+00:00,18.083335876464844
2019-06-20 00:02:50.242000+00:00,15.833333969116213
2019-06-20 01:02:50.242000+00:00,20.16666603088379
2019-06-20 02:02:50.243000+00:00,23.583332061767575
2019-06-20 03:02:50.252000+00:00,12.333332061767578
2019-06-20 04:03:01.283000+00:00,15.166666030883787
2019-06-20 05:02:49.959000+00:00,15.333333969116213
2019-06-20 06:02:49.959000+00:00,16.333332061767578
2019-06-20 07:03:00.273000+00:00,14.500000953674316
2019-06-20 08:02:50.959000+00:00,12.0
2019-06-20 09:02:49.958000+00:00,22.0
2019-06-20 10:03:00.273000+00:00,20.25
2019-06-20 11:02:50.958000+00:00,28.08333396911621
2019-06-20 12:02:49.959000+00:00,30.33333396911621
2019-06-20 13:02:49.959000+00:00,43.66666793823242
2019-06-20 14:02:49.958000+00:00,26.916667938232425
2019-06-20 15:02:49.959000+00:00,5.916666507720947
2019-06-20 16:02:49.959000+00:00,8.833333015441895
2019-06-20 17:02:49.959000+00:00,12.416666984558104
2019-06-20 18:02:49.968000+00:00,14.833333015441896
2019-06-20 19:02:49.959000+00:00,16.749998092651367
2019-06-20 20:02:49.958000+00:00,13.0
2019-06-20 21:02:49.959000+00:00,18.16666603088379
2019-06-20 22:02:49.959000+00:00,18.249998092651367
2019-06-20 23:02:49.959000+00:00,15.416666984558104
2019-06-21 00:02:49.968000+00:00,15.416666030883787
2019-06-21 01:02:49.958000+00:00,20.416667938232425
2019-06-21 02:02:49.958000+00:00,20.83333396911621
2019-06-21 03:02:49.958000+00:00,26.500001907348636
2019-06-21 04:03:00.293000+00:00,20.416667938232425
2019-06-21 05:02:49.989000+00:00,15.833333969116213
2019-06-21 06:02:49.979000+00:00,24.0
2019-06-21 07:03:00.293000+00:00,23.25
2019-06-21 08:02:50.979000+00:00,25.833332061767575
2019-06-21 09:02:49.979000+00:00,19.916667938232425
2019-06-21 10:02:49.979000+00:00,21.66666603088379
2019-06-21 11:02:49.979000+00:00,27.250001907348636
2019-06-21 12:02:49.978000+00:00,30.25
2019-06-21 13:02:49.978000+00:00,29.250001907348636
2019-06-21 14:02:49.979000+00:00,30.416667938232425
2019-06-21 15:02:49.979000+00:00,15.083333015441896
2019-06-21 16:02:49.978000+00:00,13.000000953674316
2019-06-21 17:02:49.979000+00:00,17.833332061767578
2019-06-21 18:02:49.980000+00:00,23.499998092651367
2019-06-21 19:02:49.979000+00:00,16.75
2019-06-21 20:02:49.979000+00:00,21.66666603088379
2019-06-21 21:02:49.979000+00:00,14.166667938232422
2019-06-21 22:03:00.313000+00:00,15.833332061767578
2019-06-21 23:02:50.979000+00:00,25.166667938232425
2019-06-22 00:02:49.979000+00:00,23.749998092651367
2019-06-22 01:02:49.979000+00:00,21.833332061767575
2019-06-22 02:02:49.980000+00:00,26.91666603088379
2019-06-22 03:02:49.979000+00:00,21.583332061767575
2019-06-22 04:03:01.272000+00:00,24.749998092651367
2019-06-22 05:02:49.959000+00:00,21.83333396911621
2019-06-22 06:02:49.949000+00:00,23.499998092651367
2019-06-22 07:02:49.949000+00:00,22.08333396911621
2019-06-22 08:02:49.948000+00:00,24.666667938232425
2019-06-22 09:02:49.949000+00:00,18.500001907348636
2019-06-22 10:02:49.948000+00:00,30.5
2019-06-22 11:02:49.949000+00:00,15.500000953674316
2019-06-22 12:02:49.948000+00:00,34.41666412353516
2019-06-22 13:02:49.948000+00:00,19.25
2019-06-22 14:02:49.949000+00:00,17.333332061767578
2019-06-22 15:02:49.949000+00:00,12.916665077209473
2019-06-22 16:02:49.950000+00:00,11.666666984558104
2019-06-22 17:02:49.950000+00:00,11.249999046325684
2019-06-22 18:02:49.950000+00:00,9.666666984558104
2019-06-22 19:02:49.948000+00:00,11.916666030883787
2019-06-22 20:02:49.949000+00:00,2.5833332538604736
2019-06-22 21:02:49.949000+00:00,9.666666030883787
2019-06-22 22:02:49.949000+00:00,22.500001907348636
2019-06-22 23:02:49.950000+00:00,14.583333969116213
2019-06-23 00:02:49.948000+00:00,15.75
2019-06-23 01:02:49.949000+00:00,18.08333396911621
2019-06-23 02:02:49.948000+00:00,25.5
2019-06-23 03:02:49.949000+00:00,19.166667938232425
2019-06-23 04:03:01.970000+00:00,14.166666030883787
2019-06-23 05:02:49.774000+00:00,18.5
2019-06-23 06:02:49.774000+00:00,17.5
2019-06-23 07:02:49.764000+00:00,22.41666603088379
2019-06-23 08:02:49.763000+00:00,12.583333015441896
2019-06-23 09:02:49.763000+00:00,17.5
2019-06-23 10:03:00.780000+00:00,21.333332061767575
2019-06-23 11:02:50.764000+00:00,16.16666603088379
2019-06-23 12:02:49.773000+00:00,21.666667938232425
2019-06-23 13:02:49.764000+00:00,23.166667938232425
2019-06-23 14:03:00.770000+00:00,8.833333015441895
2019-06-23 15:02:50.774000+00:00,7.5
2019-06-23 16:02:49.764000+00:00,12.916666984558104
2019-06-23 17:02:49.763000+00:00,22.58333396911621
2019-06-23 18:02:49.764000+00:00,23.833332061767575
2019-06-23 19:02:49.764000+00:00,14.333333969116213
2019-06-23 20:02:49.763000+00:00,19.750001907348636
2019-06-23 21:02:50.763000+00:00,13.833333969116213
2019-06-23 22:02:49.773000+00:00,11.5
2019-06-23 23:02:49.774000+00:00,9.916666984558104
2019-06-24 00:02:49.763000+00:00,12.500001907348633
2019-06-24 01:02:49.763000+00:00,18.250001907348636
2019-06-24 02:02:49.763000+00:00,19.25
2019-06-24 03:02:49.764000+00:00,18.08333396911621
2019-06-24 04:03:00.365000+00:00,15.416667938232422
2019-06-24 05:02:50.530000+00:00,11.500000953674316
2019-06-24 06:02:50.520000+00:00,20.0
2019-06-24 07:02:50.530000+00:00,16.75
2019-06-24 08:02:50.520000+00:00,21.250001907348636
2019-06-24 09:02:50.530000+00:00,14.333333015441896
2019-06-24 10:02:50.530000+00:00,14.000000953674316
2019-06-24 11:02:50.520000+00:00,19.166667938232425
2019-06-24 12:02:50.510000+00:00,13.666666030883787
2019-06-24 13:02:50.520000+00:00,30.249998092651367
2019-06-24 14:02:50.520000+00:00,29.91666412353516
2019-06-24 15:02:50.520000+00:00,14.25
2019-06-24 16:02:50.530000+00:00,19.41666603088379
2019-06-24 17:02:50.530000+00:00,16.499998092651367
2019-06-24 18:02:50.530000+00:00,13.5
2019-06-24 19:02:50.530000+00:00,10.250000953674316
2019-06-24 20:02:50.530000+00:00,8.416666984558105
2019-06-24 21:03:00.367000+00:00,11.333333969116213
2019-06-24 22:02:51.530000+00:00,15.833332061767578
2019-06-24 23:02:50.530000+00:00,18.333332061767575
2019-06-25 00:02:50.530000+00:00,16.75
2019-06-25 01:02:50.530000+00:00,12.916666030883787
2019-06-25 02:02:50.530000+00:00,13.75
2019-06-25 03:02:50.530000+00:00,9.083333969116213
2019-06-25 04:03:00.785000+00:00,8.75
2019-06-25 05:02:50.471000+00:00,9.166666984558104
2019-06-25 06:02:50.461000+00:00,3.916666269302368
2019-06-25 07:03:00.774000+00:00,2.6666665077209477
2019-06-25 08:02:50.460000+00:00,0.0
2019-06-25 09:03:00.794000+00:00,2.5833332538604736
2019-06-25 10:02:50.460000+00:00,9.666666984558104
2019-06-25 11:02:50.463000+00:00,8.75
2019-06-25 12:02:50.461000+00:00,12.583333015441896
2019-06-25 13:02:50.461000+00:00,7.916666507720947
2019-06-25 14:03:00.776000+00:00,14.75
2019-06-25 15:02:50.460000+00:00,8.0
2019-06-25 16:02:50.461000+00:00,6.25
2019-06-25 17:02:50.461000+00:00,7.500000476837158
2019-06-25 18:02:50.470000+00:00,4.1666669845581055
2019-06-25 19:02:50.461000+00:00,6.166666507720947
2019-06-25 20:02:50.460000+00:00,6.25
2019-06-25 21:02:50.461000+00:00,11.999999046325684
2019-06-25 22:02:50.460000+00:00,7.249999523162842
2019-06-25 23:02:50.460000+00:00,10.333333969116213
2019-06-26 00:02:50.461000+00:00,10.000000953674316
2019-06-26 01:02:50.462000+00:00,12.833333015441896
2019-06-26 02:02:50.460000+00:00,12.083333015441896
2019-06-26 03:02:50.461000+00:00,16.66666603088379
2019-06-26 04:03:00.913000+00:00,10.333333015441896
2019-06-26 05:02:49.579000+00:00,10.333333015441896
2019-06-26 06:02:50.580000+00:00,11.666667938232422
2019-06-26 07:02:50.580000+00:00,8.25
2019-06-26 08:02:50.579000+00:00,12.083332061767578
2019-06-26 09:02:50.580000+00:00,15.666665077209473
2019-06-26 10:02:50.579000+00:00,11.5
2019-06-26 11:02:50.585000+00:00,31.75
2019-06-26 12:02:50.578000+00:00,14.333333015441896
2019-06-26 13:02:50.579000+00:00,10.916666030883787
2019-06-26 14:03:00.892000+00:00,11.083333015441896
2019-06-26 15:02:50.579000+00:00,9.833333969116213
2019-06-26 16:02:50.583000+00:00,6.749999523162842
2019-06-26 17:02:50.579000+00:00,5.333333015441895
2019-06-26 18:02:50.579000+00:00,5.249999523162842
2019-06-26 19:03:00.893000+00:00,5.9166669845581055
2019-06-26 20:02:50.579000+00:00,5.916666507720947
2019-06-26 21:02:50.579000+00:00,6.583333969116211
2019-06-26 22:02:50.579000+00:00,11.75
2019-06-26 23:02:50.589000+00:00,7.6666669845581055
2019-06-27 00:02:50.580000+00:00,11.833333015441896
2019-06-27 01:02:50.579000+00:00,8.333333015441895
2019-06-27 02:02:50.580000+00:00,11.25
2019-06-27 03:02:50.579000+00:00,12.249999046325684
2019-06-27 04:03:01.211000+00:00,14.083333015441896
2019-06-27 05:02:49.907000+00:00,6.333333492279053
2019-06-27 06:03:00.211000+00:00,4.666666507720947
2019-06-27 07:02:50.897000+00:00,8.416666984558105
2019-06-27 08:02:49.897000+00:00,9.333333015441896
2019-06-27 09:02:49.897000+00:00,22.25
2019-06-27 10:02:49.908000+00:00,14.25
2019-06-27 11:03:00.310000+00:00,21.916667938232425
2019-06-27 12:02:49.708000+00:00,14.416666984558104
2019-06-27 13:02:50.708000+00:00,8.75
2019-06-27 14:02:50.708000+00:00,9.416666030883787
2019-06-27 15:02:50.707000+00:00,13.750000953674316
2019-06-27 16:02:50.708000+00:00,15.416666030883787
2019-06-27 17:02:50.708000+00:00,14.999999046325684
2019-06-27 18:02:50.718000+00:00,11.916668891906738
2019-06-27 19:02:50.717000+00:00,10.083333969116213
2019-06-27 20:02:50.707000+00:00,17.25
2019-06-27 21:02:50.707000+00:00,15.666665077209473
2019-06-27 22:02:50.707000+00:00,20.083332061767575
2019-06-27 23:02:50.707000+00:00,22.416667938232425
2019-06-28 00:02:50.707000+00:00,19.16666603088379
2019-06-28 01:03:01.210000+00:00,23.166667938232425
2019-06-28 02:02:50.711000+00:00,16.08333396911621
2019-06-28 03:02:50.718000+00:00,18.25
2019-06-28 04:03:00.145000+00:00,14.499999046325684
2019-06-28 05:02:49.834000+00:00,12.166666030883787
2019-06-28 06:02:49.833000+00:00,16.5
2019-06-28 07:02:49.833000+00:00,10.166666030883787
2019-06-28 08:02:49.832000+00:00,13.333333015441896
2019-06-28 09:02:49.844000+00:00,42.33333587646485
2019-06-28 10:02:49.833000+00:00,29.25
2019-06-28 11:02:49.834000+00:00,33.66666412353516
2019-06-28 12:02:49.833000+00:00,28.83333396911621
2019-06-28 13:02:49.834000+00:00,10.833333015441896
2019-06-28 13:02:49.834000+00:00,10.833333015441896
2019-06-28 14:02:49.834000+00:00,17.0
2019-06-28 15:02:49.843000+00:00,10.916666984558104
2019-06-28 16:02:49.833000+00:00,7.416666030883789
2019-06-28 17:02:49.834000+00:00,9.749999046325684
2019-06-28 18:02:49.833000+00:00,16.75
2019-06-28 19:02:49.834000+00:00,14.666666984558104
2019-06-28 20:02:49.832000+00:00,15.583333015441896
2019-06-28 21:02:49.833000+00:00,21.666667938232425
2019-06-28 22:02:49.833000+00:00,25.16666412353516
2019-06-28 23:02:49.833000+00:00,16.166667938232422
2019-06-29 00:02:49.833000+00:00,22.83333396911621
2019-06-29 01:02:49.833000+00:00,27.5
2019-06-29 02:03:00.155000+00:00,23.666667938232425
2019-06-29 03:02:50.833000+00:00,25.833332061767575
2019-06-29 04:03:01.114000+00:00,24.583335876464844
2019-06-29 05:02:49.779000+00:00,24.5
2019-06-29 06:02:49.780000+00:00,20.583332061767575
2019-06-29 07:02:49.780000+00:00,29.25
2019-06-29 08:02:49.781000+00:00,20.666667938232425
2019-06-29 09:02:49.781000+00:00,19.416667938232425
2019-06-29 10:02:49.781000+00:00,31.166667938232425
2019-06-29 11:02:49.788000+00:00,30.58333396911621
2019-06-29 12:02:49.780000+00:00,29.66666603088379
2019-06-29 13:02:49.781000+00:00,34.250003814697266
2019-06-29 14:02:49.781000+00:00,19.416667938232425
2019-06-29 15:02:49.781000+00:00,13.416667938232422
2019-06-29 16:02:49.781000+00:00,13.416666984558104
2019-06-29 17:02:49.781000+00:00,13.083333015441896
2019-06-29 18:02:49.780000+00:00,13.5
2019-06-29 19:02:49.780000+00:00,12.5
2019-06-29 20:02:49.781000+00:00,14.333332061767578
2019-06-29 21:02:49.781000+00:00,15.749999046325684
2019-06-29 22:02:49.791000+00:00,20.083332061767575
2019-06-29 23:02:49.781000+00:00,18.749998092651367
2019-06-30 00:02:49.781000+00:00,23.583330154418945
2019-06-30 01:02:49.781000+00:00,20.833332061767575
2019-06-30 02:02:49.780000+00:00,15.75
2019-06-30 03:02:49.781000+00:00,27.08333396911621
2019-06-30 04:03:00.928000+00:00,20.666667938232425
2019-06-30 05:02:49.595000+00:00,18.583335876464844
2019-06-30 06:02:50.595000+00:00,23.583332061767575
2019-06-30 07:02:50.595000+00:00,24.16666603088379
2019-06-30 08:02:50.595000+00:00,23.499998092651367
2019-06-30 09:02:50.595000+00:00,32.66666793823242
2019-06-30 10:02:50.605000+00:00,33.16666412353516
2019-06-30 11:03:00.910000+00:00,35.499996185302734
2019-06-30 12:02:50.594000+00:00,32.33333206176758
2019-06-30 13:03:00.909000+00:00,15.25
2019-06-30 14:02:50.595000+00:00,15.666666984558104
2019-06-30 15:02:50.595000+00:00,15.166666984558104
2019-06-30 16:02:50.595000+00:00,12.583333969116213
2019-06-30 17:02:50.605000+00:00,9.916666984558104
2019-06-30 18:02:50.595000+00:00,9.083333015441896
2019-06-30 19:02:50.595000+00:00,8.916666984558105
2019-06-30 20:02:50.595000+00:00,8.5
2019-06-30 21:02:50.595000+00:00,12.833333969116213
2019-06-30 22:02:50.595000+00:00,13.750000953674316
2019-06-30 23:02:50.594000+00:00,15.083333969116213
2019-07-01 00:02:50.595000+00:00,13.5
2019-07-01 01:02:50.605000+00:00,9.583333969116213
2019-07-01 02:02:50.606000+00:00,22.5
2019-07-01 03:02:50.595000+00:00,9.666666984558104
2019-07-01 04:03:00.802000+00:00,15.166666030883787
2019-07-01 05:02:50.479000+00:00,15.916666984558104
2019-07-01 06:02:50.469000+00:00,10.666666984558104
2019-07-01 07:02:50.479000+00:00,12.083333969116213
2019-07-01 08:02:50.469000+00:00,13.916666984558104
2019-07-01 09:02:50.467000+00:00,8.166666030883789
2019-07-01 10:02:50.469000+00:00,8.749999046325684
2019-07-01 11:03:00.802000+00:00,7.000000476837158
2019-07-01 12:02:50.468000+00:00,5.583333492279053
2019-07-01 13:02:50.469000+00:00,4.666666507720947
2019-07-01 14:02:50.478000+00:00,3.8333332538604736
2019-07-01 15:02:50.468000+00:00,6.333333015441895
2019-07-01 16:02:50.469000+00:00,5.1666669845581055
2019-07-01 17:02:50.468000+00:00,5.583333015441895
2019-07-01 18:03:00.785000+00:00,5.25
2019-07-01 19:02:50.479000+00:00,3.5833332538604736
2019-07-01 20:02:50.479000+00:00,10.416666984558104
2019-07-01 21:02:50.469000+00:00,14.916666984558104
2019-07-01 22:02:50.468000+00:00,11.666666030883787
2019-07-01 23:02:50.468000+00:00,15.583333969116213
2019-07-02 00:02:50.468000+00:00,10.666666030883787
2019-07-02 01:02:50.468000+00:00,6.749999523162842
2019-07-02 02:02:50.469000+00:00,7.000000476837158
2019-07-02 03:02:50.469000+00:00,7.666666030883789
2019-07-02 04:03:00.588000+00:00,7.666666507720947
2019-07-02 05:02:50.264000+00:00,16.75
2019-07-02 06:02:50.264000+00:00,9.916666984558104
2019-07-02 07:02:50.254000+00:00,14.833333969116213
2019-07-02 08:02:50.254000+00:00,12.666666030883787
2019-07-02 09:02:50.254000+00:00,34.16666793823242
2019-07-02 10:03:00.568000+00:00,7.25
2019-07-02 11:02:51.255000+00:00,15.333333015441896
2019-07-02 12:02:50.254000+00:00,19.16666603088379
2019-07-02 13:02:50.254000+00:00,20.91666603088379
2019-07-02 14:02:50.254000+00:00,16.0
2019-07-02 15:02:50.254000+00:00,11.250000953674316
2019-07-02 16:02:50.254000+00:00,6.4166669845581055
2019-07-02 17:02:50.254000+00:00,5.249999523162842
2019-07-02 18:02:50.254000+00:00,7.833333492279053
2019-07-02 19:02:50.254000+00:00,8.333333969116211
2019-07-02 20:02:50.254000+00:00,24.750001907348636
2019-07-02 21:02:50.254000+00:00,22.5
2019-07-02 22:02:50.264000+00:00,24.333332061767575
2019-07-02 23:02:50.255000+00:00,26.749998092651367
2019-07-03 00:02:50.254000+00:00,26.16666603088379
2019-07-03 01:02:50.254000+00:00,26.66666603088379
2019-07-03 02:02:50.255000+00:00,16.66666603088379
2019-07-03 03:02:50.264000+00:00,18.91666603088379
2019-07-03 04:03:01.307000+00:00,10.249999046325684
2019-07-03 05:02:49.982000+00:00,27.16666603088379
2019-07-03 06:02:49.984000+00:00,12.499999046325684
2019-07-03 07:02:49.984000+00:00,19.5
2019-07-03 08:02:49.984000+00:00,18.58333396911621
2019-07-03 09:02:49.983000+00:00,26.916667938232425
2019-07-03 10:02:49.983000+00:00,7.666666030883789
2019-07-03 11:02:49.983000+00:00,10.083332061767578
2019-07-03 12:02:49.983000+00:00,13.0
2019-07-03 13:02:49.984000+00:00,11.916667938232422
2019-07-03 14:02:49.984000+00:00,19.33333396911621
2019-07-03 15:02:49.983000+00:00,7.250000476837158
2019-07-03 16:02:49.993000+00:00,5.75
2019-07-03 17:02:49.992000+00:00,6.5
2019-07-03 18:02:49.983000+00:00,5.749999523162842
2019-07-03 19:02:49.983000+00:00,21.666667938232425
2019-07-03 20:02:49.984000+00:00,7.416666507720947
2019-07-03 21:02:49.984000+00:00,10.166666984558104
2019-07-03 22:02:49.983000+00:00,8.083333969116211
2019-07-03 23:02:49.983000+00:00,8.166666984558105
2019-07-04 00:02:49.993000+00:00,9.416666984558104
2019-07-04 01:02:49.993000+00:00,13.416666030883787
2019-07-04 02:02:49.984000+00:00,6.083333492279053
2019-07-04 03:02:49.983000+00:00,8.583333969116211
2019-07-04 04:03:00.349000+00:00,12.250000953674316
2019-07-04 05:02:50.450000+00:00,8.583333015441895
2019-07-04 06:02:50.350000+00:00,11.249999046325684
2019-07-04 07:02:50.360000+00:00,10.416666984558104
2019-07-04 08:02:50.350000+00:00,11.75
2019-07-04 09:03:00.358000+00:00,17.416667938232422
2019-07-04 10:02:51.360000+00:00,26.916667938232425
2019-07-04 11:02:50.470000+00:00,13.250000953674316
2019-07-04 12:02:50.350000+00:00,10.916666984558104
2019-07-04 13:03:00.349000+00:00,11.916666984558104
2019-07-04 14:02:51.360000+00:00,11.5
2019-07-04 15:02:50.450000+00:00,13.000000953674316
2019-07-04 16:02:50.350000+00:00,14.333332061767578
2019-07-04 17:02:50.350000+00:00,7.5833330154418945
2019-07-04 18:02:50.340000+00:00,11.0
2019-07-04 19:02:50.340000+00:00,12.333333015441896
2019-07-04 20:03:00.349000+00:00,15.166666984558104
2019-07-04 21:02:51.340000+00:00,15.999999046325684
2019-07-04 22:02:50.350000+00:00,14.916666984558104
2019-07-04 23:02:50.350000+00:00,15.416666984558104
2019-07-05 00:02:50.340000+00:00,14.833333969116213
2019-07-05 01:02:50.450000+00:00,18.75
2019-07-05 02:02:50.350000+00:00,19.83333396911621
2019-07-05 03:02:50.350000+00:00,15.166666984558104
2019-07-05 04:03:01.713000+00:00,13.000000953674316
2019-07-05 05:02:50.388000+00:00,20.08333396911621
2019-07-05 06:02:50.389000+00:00,12.25
2019-07-05 07:02:50.389000+00:00,11.5
2019-07-05 08:02:50.390000+00:00,9.833333969116213
2019-07-05 09:02:50.396000+00:00,27.66666603088379
2019-07-05 10:02:50.400000+00:00,30.250001907348636
2019-07-05 11:02:50.389000+00:00,20.833332061767575
2019-07-05 12:02:50.389000+00:00,18.749998092651367
2019-07-05 13:02:50.390000+00:00,21.58333396911621
2019-07-05 14:02:50.399000+00:00,20.33333396911621
2019-07-05 15:02:50.390000+00:00,14.833333969116213
2019-07-05 16:02:50.389000+00:00,14.75
2019-07-05 17:02:50.389000+00:00,14.083332061767578
2019-07-05 18:02:50.389000+00:00,20.33333396911621
2019-07-05 19:02:50.399000+00:00,17.833332061767578
2019-07-05 20:02:50.394000+00:00,14.666666984558104
2019-07-05 21:02:50.389000+00:00,18.33333396911621
2019-07-05 22:02:50.389000+00:00,6.5
2019-07-05 23:02:50.390000+00:00,4.75
2019-07-06 00:02:50.390000+00:00,6.083333015441895
2019-07-06 01:02:50.389000+00:00,6.25
2019-07-06 02:03:00.703000+00:00,3.999999761581421
2019-07-06 03:02:51.392000+00:00,11.750001907348633
2019-07-06 04:03:00.944000+00:00,3.1666667461395264
2019-07-06 05:02:49.621000+00:00,5.499999523162842
2019-07-06 06:02:50.625000+00:00,6.916666030883789
2019-07-06 07:02:50.631000+00:00,7.3333330154418945
2019-07-06 08:02:50.621000+00:00,7.999999523162842
2019-07-06 09:02:50.621000+00:00,15.166666984558104
2019-07-06 10:02:50.620000+00:00,18.41666603088379
2019-07-06 10:02:50.620000+00:00,18.41666603088379
2019-07-06 11:02:50.621000+00:00,11.666666030883787
2019-07-06 12:02:50.631000+00:00,10.666666984558104
2019-07-06 13:02:50.621000+00:00,9.416666030883787
2019-07-06 14:02:50.620000+00:00,7.916666030883789
2019-07-06 15:02:50.621000+00:00,9.0
2019-07-06 16:02:50.621000+00:00,14.416666984558104
2019-07-06 17:02:50.630000+00:00,18.333332061767575
2019-07-06 18:02:50.621000+00:00,17.58333396911621
2019-07-06 19:02:50.620000+00:00,12.666666984558104
2019-07-06 20:02:50.621000+00:00,13.999998092651367
2019-07-06 21:02:50.621000+00:00,12.250000953674316
2019-07-06 22:02:50.621000+00:00,13.583333015441896
2019-07-06 23:02:50.621000+00:00,16.16666603088379
2019-07-07 00:02:50.621000+00:00,19.83333396911621
2019-07-07 01:02:50.621000+00:00,15.416666030883787
2019-07-07 02:02:50.631000+00:00,21.58333396911621
2019-07-07 03:02:50.621000+00:00,18.916667938232425
2019-07-07 04:03:01.259000+00:00,14.416666030883787
2019-07-07 05:02:49.935000+00:00,14.333333015441896
2019-07-07 06:02:49.925000+00:00,16.0
2019-07-07 07:03:00.239000+00:00,20.916667938232425
2019-07-07 08:02:50.925000+00:00,18.91666603088379
2019-07-07 09:02:49.926000+00:00,21.0
2019-07-07 10:02:49.925000+00:00,21.416667938232425
2019-07-07 11:02:49.928000+00:00,16.416667938232422
2019-07-07 12:02:49.924000+00:00,8.5
2019-07-07 13:03:00.262000+00:00,7.083333492279053
2019-07-07 14:02:50.925000+00:00,7.916666507720947
2019-07-07 15:02:49.925000+00:00,8.833333015441895
2019-07-07 16:02:49.935000+00:00,8.666666984558105
2019-07-07 17:02:49.935000+00:00,7.166666507720947
2019-07-07 18:02:49.935000+00:00,5.333333492279053
2019-07-07 19:02:49.925000+00:00,6.25
2019-07-07 20:02:49.925000+00:00,8.166666030883789
2019-07-07 21:02:49.925000+00:00,11.333333969116213
2019-07-07 22:03:00.248000+00:00,12.583333969116213
2019-07-07 23:02:50.935000+00:00,10.166666030883787
2019-07-08 00:02:49.925000+00:00,20.41666603088379
2019-07-08 01:02:49.926000+00:00,16.16666603088379
2019-07-08 02:02:49.924000+00:00,13.250000953674316
2019-07-08 03:02:49.925000+00:00,12.500000953674316
2019-07-08 04:03:00.470000+00:00,8.333333969116211
2019-07-08 05:02:49.735000+00:00,15.499998092651367
2019-07-08 06:02:50.735000+00:00,10.0
2019-07-08 07:02:50.735000+00:00,15.749999046325684
2019-07-08 08:02:50.735000+00:00,13.166666030883787
2019-07-08 09:02:50.734000+00:00,35.499996185302734
2019-07-08 10:03:01.500000+00:00,31.416667938232425
2019-07-08 11:02:50.734000+00:00,22.166667938232425
2019-07-08 12:02:49.735000+00:00,13.833333015441896
2019-07-08 13:02:50.735000+00:00,7.416666507720947
2019-07-08 14:02:50.735000+00:00,11.500000953674316
2019-07-08 15:02:49.735000+00:00,11.583333015441896
2019-07-08 16:02:50.744000+00:00,9.500000953674316
2019-07-08 17:02:50.745000+00:00,13.833332061767578
2019-07-08 18:02:50.735000+00:00,5.333333969116211
2019-07-08 19:02:50.735000+00:00,5.916666030883789
2019-07-08 20:02:50.736000+00:00,8.666666030883789
2019-07-08 21:02:50.735000+00:00,11.0
2019-07-08 22:02:50.745000+00:00,6.833333492279053
2019-07-08 23:02:50.735000+00:00,13.166666984558104
2019-07-09 00:02:50.735000+00:00,17.75
2019-07-09 01:02:50.735000+00:00,15.416666984558104
2019-07-09 02:02:50.735000+00:00,3.9166665077209473
2019-07-09 03:02:50.742000+00:00,4.5
2019-07-09 04:03:00.387000+00:00,13.583333969116213
2019-07-09 05:02:50.840000+00:00,3.499999761581421
2019-07-09 06:02:50.840000+00:00,12.0
2019-07-09 07:02:50.740000+00:00,5.333333015441895
2019-07-09 07:02:50.740000+00:00,5.333333015441895
2019-07-09 08:02:50.740000+00:00,17.75
2019-07-09 09:02:50.750000+00:00,8.583333015441895
2019-07-09 10:02:50.740000+00:00,11.5
2019-07-09 11:02:50.840000+00:00,19.583332061767575
2019-07-09 12:02:50.740000+00:00,42.91666793823242
2019-07-09 13:02:50.750000+00:00,22.33333396911621
2019-07-09 14:03:10.460000+00:00,8.5
2019-07-09 15:02:50.740000+00:00,15.250000953674316
2019-07-09 16:02:50.770000+00:00,7.1666669845581055
2019-07-09 17:02:50.740000+00:00,7.499999523162842
2019-07-09 18:02:50.730000+00:00,14.666667938232422
2019-07-09 19:02:50.750000+00:00,10.333333969116213
2019-07-09 20:02:50.740000+00:00,10.166666030883787
2019-07-09 21:02:50.740000+00:00,10.166666984558104
2019-07-09 22:02:50.740000+00:00,11.833333969116213
2019-07-09 23:02:50.740000+00:00,13.75
2019-07-10 00:02:50.730000+00:00,4.75
2019-07-10 01:02:50.840000+00:00,11.166666030883787
2019-07-10 02:02:50.740000+00:00,9.000000953674316
2019-07-10 03:02:50.740000+00:00,11.916667938232422
2019-07-10 04:03:00.568000+00:00,8.833333015441895
2019-07-10 05:02:50.250000+00:00,7.333333492279053
2019-07-10 06:02:50.240000+00:00,10.583333015441896
2019-07-10 07:02:50.240000+00:00,8.833333015441895
2019-07-10 08:02:50.240000+00:00,20.25
2019-07-10 09:02:50.239000+00:00,24.66666603088379
2019-07-10 10:02:50.241000+00:00,31.91666984558105
2019-07-10 11:02:50.240000+00:00,33.75
2019-07-10 12:02:50.240000+00:00,18.333332061767575
2019-07-10 12:02:50.240000+00:00,18.333332061767575
2019-07-10 13:03:00.552000+00:00,12.583333969116213
2019-07-10 14:02:51.240000+00:00,12.5
2019-07-10 15:02:50.240000+00:00,10.25
2019-07-10 16:02:50.239000+00:00,15.0
2019-07-10 17:02:50.251000+00:00,18.833332061767575
2019-07-10 18:02:50.251000+00:00,17.33333396911621
2019-07-10 19:02:50.240000+00:00,21.16666412353516
2019-07-10 20:02:50.240000+00:00,25.250001907348636
2019-07-10 21:02:50.240000+00:00,26.0
2019-07-10 22:03:00.573000+00:00,13.083333015441896
2019-07-10 23:02:51.240000+00:00,16.66666603088379
2019-07-11 00:02:50.246000+00:00,10.833333015441896
2019-07-11 01:02:50.240000+00:00,10.583333015441896
2019-07-11 02:02:50.241000+00:00,5.333333492279053
2019-07-11 03:02:50.239000+00:00,4.6666669845581055
2019-07-11 04:03:00.144000+00:00,5.666666030883789
2019-07-11 05:02:49.841000+00:00,5.500000476837158
2019-07-11 06:02:49.830000+00:00,7.166666507720947
2019-07-11 07:03:00.144000+00:00,7.1666669845581055
2019-07-11 08:02:50.831000+00:00,16.5
2019-07-11 09:02:49.831000+00:00,12.083333969116213
2019-07-11 10:02:49.830000+00:00,34.91666412353516
2019-07-11 11:02:49.830000+00:00,19.5
2019-07-11 12:02:49.830000+00:00,21.583332061767575
2019-07-11 13:02:49.830000+00:00,16.5
2019-07-11 14:02:49.831000+00:00,8.583333969116211
2019-07-11 15:02:49.831000+00:00,6.666666507720947
2019-07-11 16:02:49.841000+00:00,7.833333969116211
2019-07-11 17:02:49.830000+00:00,6.583333015441895
2019-07-11 18:02:49.830000+00:00,8.666666984558105
2019-07-11 19:02:49.831000+00:00,6.833333492279053
2019-07-11 20:02:49.830000+00:00,11.75
2019-07-11 21:02:49.831000+00:00,11.916667938232422
2019-07-11 22:02:49.830000+00:00,8.416666984558105
2019-07-11 23:02:49.830000+00:00,15.583333015441896
2019-07-12 00:03:00.163000+00:00,29.0
2019-07-12 01:02:50.832000+00:00,10.916666030883787
2019-07-12 02:02:49.830000+00:00,18.83333396911621
2019-07-12 03:02:49.830000+00:00,13.499999046325684
2019-07-12 04:02:59.935000+00:00,9.0
2019-07-12 05:02:49.610000+00:00,10.5
2019-07-12 06:02:50.611000+00:00,13.916666030883787
2019-07-12 07:03:00.925000+00:00,17.5
2019-07-12 08:02:50.611000+00:00,16.666667938232422
2019-07-12 09:02:50.610000+00:00,24.083335876464844
2019-07-12 10:02:50.611000+00:00,38.91666793823242
2019-07-12 11:02:50.610000+00:00,42.83333587646485
2019-07-12 12:02:50.611000+00:00,25.16666984558105
2019-07-12 13:02:50.610000+00:00,23.66666603088379
2019-07-12 14:02:50.621000+00:00,24.749998092651367
2019-07-12 15:03:00.924000+00:00,16.166667938232422
2019-07-12 16:02:50.610000+00:00,12.000000953674316
2019-07-12 17:02:50.611000+00:00,16.5
2019-07-12 18:02:50.620000+00:00,14.166666984558104
2019-07-12 19:02:50.610000+00:00,25.166667938232425
2019-07-12 20:02:50.611000+00:00,27.66666603088379
2019-07-12 21:02:50.611000+00:00,20.16666603088379
2019-07-12 22:02:50.611000+00:00,15.000000953674316
2019-07-12 23:02:50.610000+00:00,21.583335876464844
2019-07-13 00:02:50.620000+00:00,18.83333396911621
2019-07-13 01:02:50.621000+00:00,27.83333396911621
2019-07-13 02:02:50.611000+00:00,16.08333396911621
2019-07-13 03:02:50.611000+00:00,17.75
2019-07-13 04:03:01.800000+00:00,14.833333969116213
2019-07-13 05:02:49.777000+00:00,13.000000953674316
2019-07-13 06:02:49.766000+00:00,15.999999046325684
2019-07-13 07:03:00.790000+00:00,11.5
2019-07-13 08:02:50.765000+00:00,12.916666030883787
2019-07-13 09:02:49.765000+00:00,15.5
2019-07-13 10:03:00.790000+00:00,31.166667938232425
2019-07-13 11:02:50.766000+00:00,16.416667938232422
2019-07-13 12:02:49.776000+00:00,15.75
2019-07-13 13:02:49.766000+00:00,19.249998092651367
2019-07-13 14:03:00.790000+00:00,12.166666030883787
2019-07-13 15:02:50.765000+00:00,15.500000953674316
2019-07-13 16:02:49.766000+00:00,12.166666984558104
2019-07-13 17:02:49.776000+00:00,10.083333969116213
2019-07-13 17:02:49.776000+00:00,10.083333969116213
2019-07-13 18:02:49.776000+00:00,10.25
2019-07-13 19:02:49.765000+00:00,8.833333015441895
2019-07-13 20:02:49.765000+00:00,8.833332061767578
2019-07-13 21:02:49.766000+00:00,8.083333015441895
2019-07-13 22:02:49.765000+00:00,18.5
2019-07-13 23:02:49.766000+00:00,23.75
2019-07-14 00:02:49.766000+00:00,31.500001907348636
2019-07-14 01:02:49.765000+00:00,21.333332061767575
2019-07-14 02:02:49.766000+00:00,27.499998092651367
2019-07-14 03:02:49.775000+00:00,22.91666603088379
2019-07-14 04:03:01.125000+00:00,23.66666603088379
2019-07-14 05:02:49.801000+00:00,20.833332061767575
2019-07-14 06:03:00.116000+00:00,20.25
2019-07-14 07:02:50.802000+00:00,21.333332061767575
2019-07-14 08:02:49.800000+00:00,16.58333396911621
2019-07-14 09:02:49.801000+00:00,33.33333206176758
2019-07-14 10:02:49.801000+00:00,32.25
2019-07-14 11:02:49.800000+00:00,25.91666603088379
2019-07-14 12:02:49.801000+00:00,20.91666603088379
2019-07-14 13:02:49.802000+00:00,19.0
2019-07-14 14:02:49.802000+00:00,12.999999046325684
2019-07-14 15:02:49.802000+00:00,11.25
2019-07-14 16:02:49.801000+00:00,9.0
2019-07-14 17:03:00.127000+00:00,6.083333492279053
2019-07-14 18:03:01.135000+00:00,6.166666507720947
2019-07-14 19:02:50.801000+00:00,7.000000476837158
2019-07-14 20:02:49.802000+00:00,6.833333015441895
2019-07-14 21:02:49.801000+00:00,9.5
2019-07-14 22:02:49.802000+00:00,15.0
2019-07-14 23:02:49.802000+00:00,16.083332061767578
2019-07-15 00:02:49.802000+00:00,10.166666030883787
2019-07-15 01:02:49.802000+00:00,11.416666984558104
2019-07-15 02:02:49.801000+00:00,10.333333015441896
2019-07-15 03:02:49.806000+00:00,11.250000953674316
2019-07-15 04:03:01.374000+00:00,5.666666507720947
2019-07-15 05:02:50.510000+00:00,3.166666984558105
2019-07-15 06:02:50.410000+00:00,3.75
2019-07-15 07:02:50.410000+00:00,8.333333015441895
2019-07-15 08:02:50.410000+00:00,5.75
2019-07-15 09:02:50.400000+00:00,3.0833332538604736
2019-07-15 10:03:00.356000+00:00,10.166666030883787
2019-07-15 11:02:51.510000+00:00,7.25
2019-07-15 12:02:50.420000+00:00,14.5
2019-07-15 13:02:50.420000+00:00,8.916666984558105
2019-07-15 14:03:00.355000+00:00,11.833333015441896
2019-07-15 15:02:51.410000+00:00,8.166666984558105
2019-07-15 16:03:00.374000+00:00,9.166666984558104
2019-07-15 17:02:51.410000+00:00,12.0
2019-07-15 18:03:00.355000+00:00,12.166666984558104
2019-07-15 19:02:51.510000+00:00,19.41666603088379
2019-07-15 20:03:00.356000+00:00,19.083332061767575
2019-07-15 21:02:51.410000+00:00,17.416667938232422
2019-07-15 22:02:50.410000+00:00,17.66666603088379
2019-07-15 23:02:50.410000+00:00,19.083332061767575
2019-07-16 00:02:50.410000+00:00,16.666667938232422
2019-07-16 01:02:50.410000+00:00,12.75
2019-07-16 02:02:50.410000+00:00,21.08333396911621
2019-07-16 03:02:50.420000+00:00,12.5
2019-07-16 04:03:01.800000+00:00,11.833333969116213
2019-07-16 05:02:49.756000+00:00,18.08333396911621
2019-07-16 06:02:49.759000+00:00,8.416666984558105
2019-07-16 07:03:00.700000+00:00,25.41666603088379
2019-07-16 08:02:50.756000+00:00,13.5
2019-07-16 09:02:49.755000+00:00,27.66666412353516
2019-07-16 10:02:49.757000+00:00,26.583332061767575
2019-07-16 11:02:49.756000+00:00,22.75
2019-07-16 12:02:49.757000+00:00,23.083332061767575
2019-07-16 13:02:49.756000+00:00,18.0
2019-07-16 14:02:49.756000+00:00,13.833332061767578
2019-07-16 15:02:50.756000+00:00,12.416666984558104
2019-07-16 16:02:49.766000+00:00,10.333333969116213
2019-07-16 17:02:50.759000+00:00,10.333333969116213
2019-07-16 18:02:50.768000+00:00,12.0
2019-07-16 19:02:50.757000+00:00,8.083333015441895
2019-07-16 20:02:50.756000+00:00,15.0
2019-07-16 21:02:49.756000+00:00,9.25
2019-07-16 22:02:49.755000+00:00,9.083333969116213
2019-07-16 23:02:49.764000+00:00,14.916666030883787
2019-07-17 00:02:49.766000+00:00,14.583333015441896
2019-07-17 01:02:49.760000+00:00,9.416666984558104
2019-07-17 02:02:49.767000+00:00,12.5
2019-07-17 03:02:50.755000+00:00,11.416666984558104
2019-07-17 04:03:00.474000+00:00,10.833333015441896
2019-07-17 05:02:50.149000+00:00,18.333332061767575
2019-07-17 06:02:50.151000+00:00,6.749999523162842
2019-07-17 07:02:50.151000+00:00,3.4166665077209477
2019-07-17 08:02:50.151000+00:00,8.666666984558105
2019-07-17 09:03:00.464000+00:00,9.25
2019-07-17 10:02:51.150000+00:00,7.166666507720947
2019-07-17 11:02:50.151000+00:00,12.083333015441896
2019-07-17 12:02:50.149000+00:00,11.5
2019-07-17 13:02:50.151000+00:00,9.0
2019-07-17 14:02:50.151000+00:00,4.333333492279053
2019-07-17 15:02:50.150000+00:00,6.416666507720947
2019-07-17 16:02:50.160000+00:00,12.666666030883787
2019-07-17 17:02:50.149000+00:00,7.749999523162842
2019-07-17 18:03:00.466000+00:00,5.0
2019-07-17 19:02:51.150000+00:00,4.916666507720947
2019-07-17 20:02:50.150000+00:00,5.416666507720947
2019-07-17 21:02:50.156000+00:00,7.25
2019-07-17 22:02:50.150000+00:00,9.499999046325684
2019-07-17 23:02:50.156000+00:00,9.833333015441896
2019-07-18 00:03:00.463000+00:00,6.4166669845581055
2019-07-18 01:02:51.150000+00:00,10.416666984558104
2019-07-18 02:02:50.153000+00:00,8.583333969116211
2019-07-18 03:02:50.150000+00:00,6.916666507720947
2019-07-18 04:03:01.182000+00:00,13.0
2019-07-18 05:02:49.867000+00:00,7.333333492279053
2019-07-18 06:02:49.867000+00:00,9.5
2019-07-18 07:02:49.867000+00:00,5.833333492279053
2019-07-18 08:02:49.867000+00:00,15.75
2019-07-18 09:03:04.868000+00:00,18.16666603088379
2019-07-18 10:02:49.868000+00:00,11.666665077209473
2019-07-18 11:02:49.867000+00:00,4.5
2019-07-18 12:02:49.867000+00:00,5.166666507720947
2019-07-18 13:02:49.867000+00:00,5.916666507720947
2019-07-18 14:03:00.182000+00:00,6.9166669845581055
2019-07-18 15:02:50.868000+00:00,6.25
2019-07-18 16:03:00.181000+00:00,10.499999046325684
2019-07-18 17:02:50.868000+00:00,12.666666984558104
2019-07-18 18:02:49.867000+00:00,13.416666984558104
2019-07-18 19:02:49.868000+00:00,23.66666603088379
2019-07-18 20:02:49.868000+00:00,19.33333396911621
2019-07-18 20:02:49.868000+00:00,19.33333396911621
2019-07-18 21:02:49.867000+00:00,24.916667938232425
2019-07-18 22:02:49.867000+00:00,24.0
2019-07-18 23:02:49.873000+00:00,25.500001907348636
2019-07-19 00:02:49.868000+00:00,24.25
2019-07-19 01:02:49.867000+00:00,26.750001907348636
2019-07-19 02:02:49.868000+00:00,13.166666984558104
2019-07-19 03:03:00.181000+00:00,12.500000953674316
2019-07-19 04:03:00.677000+00:00,11.5
2019-07-19 05:02:50.352000+00:00,13.083333015441896
2019-07-19 06:02:50.363000+00:00,21.41666603088379
2019-07-19 07:02:50.352000+00:00,15.583333969116213
2019-07-19 08:02:50.352000+00:00,18.5
2019-07-19 09:02:50.350000+00:00,30.166667938232425
2019-07-19 10:02:50.352000+00:00,33.0
2019-07-19 11:02:50.352000+00:00,37.75
2019-07-19 12:02:50.353000+00:00,18.75
2019-07-19 13:02:50.352000+00:00,14.25
2019-07-19 14:02:50.351000+00:00,23.999998092651367
2019-07-19 15:02:50.352000+00:00,10.75
2019-07-19 16:02:50.352000+00:00,5.6666669845581055
2019-07-19 17:02:50.362000+00:00,11.083333969116213
2019-07-19 18:02:50.363000+00:00,12.916666984558104
2019-07-19 19:03:00.666000+00:00,15.083333015441896
2019-07-19 20:02:51.352000+00:00,16.833332061767578
2019-07-19 21:02:50.358000+00:00,24.0
2019-07-19 22:02:50.351000+00:00,28.58333396911621
2019-07-19 23:02:50.351000+00:00,26.0
2019-07-20 00:02:50.362000+00:00,35.5
2019-07-20 01:02:50.352000+00:00,25.5
2019-07-20 02:02:50.352000+00:00,22.666667938232425
2019-07-20 03:02:50.352000+00:00,19.66666603088379
2019-07-20 04:03:00.800000+00:00,21.416667938232425
2019-07-20 05:02:49.778000+00:00,26.41666603088379
2019-07-20 06:02:49.767000+00:00,21.16666603088379
2019-07-20 07:02:49.767000+00:00,21.666667938232425
2019-07-20 08:02:49.767000+00:00,22.16666603088379
2019-07-20 09:02:49.767000+00:00,25.83333396911621
2019-07-20 10:02:49.767000+00:00,31.25
2019-07-20 11:02:49.767000+00:00,21.66666603088379
2019-07-20 12:02:49.766000+00:00,11.749999046325684
2019-07-20 13:02:49.767000+00:00,10.416666984558104
2019-07-20 14:02:49.767000+00:00,13.583332061767578
2019-07-20 15:02:49.777000+00:00,10.166666984558104
2019-07-20 16:02:49.778000+00:00,9.25
2019-07-20 17:02:49.767000+00:00,9.833333015441896
2019-07-20 18:02:49.767000+00:00,9.75
2019-07-20 19:02:49.767000+00:00,13.833334922790527
2019-07-20 20:02:49.767000+00:00,13.416666030883787
2019-07-20 21:03:00.810000+00:00,16.83333396911621
2019-07-20 22:02:50.767000+00:00,16.58333396911621
2019-07-20 23:02:49.767000+00:00,13.833333969116213
2019-07-21 00:02:49.767000+00:00,19.916667938232425
2019-07-21 01:02:49.767000+00:00,17.58333396911621
2019-07-21 02:02:49.767000+00:00,19.08333396911621
2019-07-21 03:02:49.767000+00:00,14.0
2019-07-21 04:03:01.235000+00:00,5.5
2019-07-21 05:02:49.921000+00:00,7.750000476837158
2019-07-21 06:02:49.910000+00:00,11.750000953674316
2019-07-21 07:02:49.910000+00:00,5.1666669845581055
2019-07-21 08:02:49.911000+00:00,6.9166669845581055
2019-07-21 09:02:49.911000+00:00,10.833332061767578
2019-07-21 10:02:49.911000+00:00,12.25
2019-07-21 11:03:00.224000+00:00,11.916666984558104
2019-07-21 12:02:50.911000+00:00,13.083333015441896
2019-07-21 13:03:00.225000+00:00,9.416666984558104
2019-07-21 14:03:01.224000+00:00,10.0
2019-07-21 15:02:50.917000+00:00,11.083333969116213
2019-07-21 16:02:49.911000+00:00,9.416666030883787
2019-07-21 17:02:49.910000+00:00,8.583333969116211
2019-07-21 18:02:49.910000+00:00,12.25
2019-07-21 19:02:49.911000+00:00,10.666666984558104
2019-07-21 20:03:00.224000+00:00,10.0
2019-07-21 21:02:50.920000+00:00,9.416666984558104
2019-07-21 22:02:49.910000+00:00,17.166667938232422
2019-07-21 23:02:49.911000+00:00,19.25
2019-07-22 00:02:49.911000+00:00,17.58333396911621
2019-07-22 01:02:49.910000+00:00,19.5
2019-07-22 02:02:49.911000+00:00,19.25
2019-07-22 03:03:00.224000+00:00,18.75
2019-07-22 04:03:01.203000+00:00,15.666666984558104
2019-07-22 05:02:49.897000+00:00,19.5
2019-07-22 06:02:49.886000+00:00,8.666666030883789
2019-07-22 07:02:49.887000+00:00,7.250000476837158
2019-07-22 08:02:49.887000+00:00,9.333333015441896
2019-07-22 09:02:49.886000+00:00,18.41666603088379
2019-07-22 10:03:00.202000+00:00,16.666667938232422
2019-07-22 11:02:50.887000+00:00,17.083332061767578
2019-07-22 12:02:49.887000+00:00,14.416666984558104
2019-07-22 13:02:49.893000+00:00,12.0
2019-07-22 14:02:49.887000+00:00,12.583332061767578
2019-07-22 15:02:49.886000+00:00,8.333333969116211
2019-07-22 16:02:49.886000+00:00,9.833333969116213
2019-07-22 17:02:49.887000+00:00,8.416666984558105
2019-07-22 18:03:00.209000+00:00,11.083333969116213
2019-07-22 19:02:50.887000+00:00,7.416666507720947
2019-07-22 20:02:49.887000+00:00,16.58333396911621
2019-07-22 21:02:49.887000+00:00,12.250000953674316
2019-07-22 22:02:49.887000+00:00,17.25
2019-07-22 23:02:49.886000+00:00,19.416667938232425
2019-07-23 00:02:49.887000+00:00,13.916666984558104
2019-07-23 01:02:49.887000+00:00,13.166667938232422
2019-07-23 02:02:49.896000+00:00,11.0
2019-07-23 03:02:49.886000+00:00,15.25
2019-07-23 04:03:00.960000+00:00,12.916666984558104
2019-07-23 05:02:49.627000+00:00,14.0
2019-07-23 06:02:50.628000+00:00,4.083333492279053
2019-07-23 07:02:50.628000+00:00,7.833333492279053
2019-07-23 08:02:50.628000+00:00,14.916666030883787
2019-07-23 09:02:50.628000+00:00,14.583333015441896
2019-07-23 10:02:50.627000+00:00,14.5
2019-07-23 11:03:00.941000+00:00,20.166667938232425
2019-07-23 12:02:50.628000+00:00,16.25
2019-07-23 13:02:50.628000+00:00,17.58333396911621
2019-07-23 14:02:50.628000+00:00,10.333333015441896
2019-07-23 15:03:00.958000+00:00,8.666666030883789
2019-07-23 16:02:50.627000+00:00,8.416666030883789
2019-07-23 17:02:50.638000+00:00,8.833333015441895
2019-07-23 18:02:50.638000+00:00,11.916666984558104
2019-07-23 19:02:50.628000+00:00,11.583334922790527
2019-07-23 20:02:50.627000+00:00,15.583333969116213
2019-07-23 21:02:50.627000+00:00,15.083333015441896
2019-07-23 22:02:50.638000+00:00,21.083332061767575
2019-07-23 23:03:00.941000+00:00,10.083333015441896
2019-07-24 00:02:50.637000+00:00,10.916666984558104
2019-07-24 01:02:50.628000+00:00,15.833333969116213
2019-07-24 02:02:50.627000+00:00,7.999999046325684
2019-07-24 03:03:00.942000+00:00,6.0
2019-07-24 04:03:01.523000+00:00,9.416666984558104
2019-07-24 05:02:50.209000+00:00,11.416666984558104
2019-07-24 06:02:50.199000+00:00,19.83333396911621
2019-07-24 07:03:00.513000+00:00,13.666666030883787
2019-07-24 08:02:51.199000+00:00,33.0
2019-07-24 09:02:50.200000+00:00,28.166667938232425
2019-07-24 10:02:50.199000+00:00,35.583335876464844
2019-07-24 11:02:50.200000+00:00,39.08333587646485
2019-07-24 12:02:50.199000+00:00,14.75
2019-07-24 13:02:50.200000+00:00,16.583332061767578
2019-07-24 14:02:50.199000+00:00,26.249998092651367
2019-07-24 15:02:50.200000+00:00,16.75
2019-07-24 16:02:50.198000+00:00,13.333333969116213
2019-07-24 17:02:50.209000+00:00,14.583333969116213
2019-07-24 18:03:00.513000+00:00,21.083332061767575
2019-07-24 19:02:51.200000+00:00,16.08333396911621
2019-07-24 20:02:50.200000+00:00,9.583333015441896
2019-07-24 21:02:50.199000+00:00,10.916666030883787
2019-07-24 22:02:50.199000+00:00,8.25
2019-07-24 23:02:50.199000+00:00,21.083332061767575
2019-07-25 00:02:50.209000+00:00,13.583333015441896
2019-07-25 01:02:50.209000+00:00,12.583333969116213
2019-07-25 02:02:50.200000+00:00,7.250000476837158
2019-07-25 03:02:50.200000+00:00,14.25
2019-07-25 04:03:00.984000+00:00,6.416666030883789
2019-07-25 05:02:49.679000+00:00,8.75
2019-07-25 06:02:50.669000+00:00,10.583333969116213
2019-07-25 07:02:50.669000+00:00,13.083333015441896
2019-07-25 08:02:50.670000+00:00,29.33333396911621
2019-07-25 09:02:50.669000+00:00,32.08333206176758
2019-07-25 10:03:01.200000+00:00,33.83333206176758
2019-07-25 11:02:50.679000+00:00,22.416667938232425
2019-07-25 12:02:50.669000+00:00,21.666667938232425
2019-07-25 13:02:50.678000+00:00,8.916666030883789
2019-07-25 14:02:50.669000+00:00,11.916666984558104
2019-07-25 15:02:50.669000+00:00,12.749999046325684
2019-07-25 16:02:50.669000+00:00,14.0
2019-07-25 17:03:00.983000+00:00,17.41666603088379
2019-07-25 18:02:50.669000+00:00,13.25
2019-07-25 19:02:50.669000+00:00,18.583332061767575
2019-07-25 20:02:50.668000+00:00,17.083332061767578
2019-07-25 21:02:50.680000+00:00,13.666666030883787
2019-07-25 22:02:50.680000+00:00,14.416666030883787
2019-07-25 23:02:50.679000+00:00,15.333333015441896
2019-07-26 00:02:50.669000+00:00,14.749999046325684
2019-07-26 01:02:50.669000+00:00,13.333333015441896
2019-07-26 02:02:50.669000+00:00,11.75
2019-07-26 03:02:50.669000+00:00,13.999999046325684
2019-07-26 04:02:59.957000+00:00,11.166666030883787
2019-07-26 05:02:49.641000+00:00,18.750001907348636
2019-07-26 06:02:50.641000+00:00,17.083332061767578
2019-07-26 07:02:50.641000+00:00,16.583332061767578
2019-07-26 08:02:50.640000+00:00,14.333333015441896
2019-07-26 09:02:50.640000+00:00,14.833333015441896
2019-07-26 10:02:50.641000+00:00,9.916666030883787
2019-07-26 11:02:50.640000+00:00,9.666666030883787
2019-07-26 12:02:50.651000+00:00,8.25
2019-07-26 13:02:50.641000+00:00,4.9166669845581055
2019-07-26 14:02:50.641000+00:00,8.083333015441895
2019-07-26 15:02:50.641000+00:00,4.833333492279053
2019-07-26 16:02:50.651000+00:00,5.499999523162842
2019-07-26 17:03:00.957000+00:00,7.166667461395264
2019-07-26 18:02:50.640000+00:00,5.833333015441895
2019-07-26 19:02:50.641000+00:00,10.416666984558104
2019-07-26 20:02:50.641000+00:00,9.333333015441896
2019-07-26 21:02:50.646000+00:00,10.416666984558104
2019-07-26 22:02:50.641000+00:00,6.916666507720947
2019-07-26 23:02:50.641000+00:00,11.75
2019-07-27 00:02:50.641000+00:00,8.916666984558105
2019-07-27 01:02:50.652000+00:00,11.75
2019-07-27 02:02:50.647000+00:00,9.916666984558104
2019-07-27 03:02:50.641000+00:00,12.749999046325684
2019-07-27 04:03:01.104000+00:00,10.249999046325684
2019-07-27 05:03:00.930000+00:00,5.749999523162842
2019-07-27 06:02:50.779000+00:00,3.499999761581421
2019-07-27 07:02:49.779000+00:00,5.999999523162842
2019-07-27 08:02:49.779000+00:00,13.416666984558104
2019-07-27 09:02:49.779000+00:00,17.58333396911621
2019-07-27 10:02:49.780000+00:00,15.833333015441896
2019-07-27 11:02:49.779000+00:00,18.0
2019-07-27 12:02:49.780000+00:00,12.666666984558104
2019-07-27 13:03:00.112000+00:00,14.416666984558104
2019-07-27 14:02:50.779000+00:00,11.666666984558104
2019-07-27 15:02:49.779000+00:00,8.833333015441895
2019-07-27 16:02:49.780000+00:00,10.0
2019-07-27 17:02:49.779000+00:00,6.083333492279053
2019-07-27 18:02:49.778000+00:00,7.1666669845581055
2019-07-27 19:02:49.779000+00:00,6.416666507720947
2019-07-27 20:02:49.780000+00:00,6.916666030883789
2019-07-27 21:02:49.789000+00:00,14.083333015441896
2019-07-27 22:02:49.779000+00:00,11.083333015441896
2019-07-27 23:02:49.779000+00:00,8.750000953674316
2019-07-28 00:02:49.780000+00:00,20.08333396911621
2019-07-28 01:02:49.779000+00:00,13.166666030883787
2019-07-28 02:02:49.779000+00:00,13.833334922790527
2019-07-28 03:02:49.780000+00:00,12.416666984558104
2019-07-28 04:03:01.240000+00:00,9.916667938232422
2019-07-28 05:02:49.699000+00:00,12.416666984558104
2019-07-28 06:02:50.700000+00:00,14.416666984558104
2019-07-28 07:02:50.711000+00:00,18.666667938232425
2019-07-28 08:02:50.701000+00:00,9.666666030883787
2019-07-28 09:02:50.704000+00:00,14.5
2019-07-28 10:02:50.711000+00:00,14.500000953674316
2019-07-28 11:02:50.710000+00:00,16.0
2019-07-28 12:02:50.700000+00:00,9.583333969116213
2019-07-28 13:02:50.700000+00:00,9.416666030883787
2019-07-28 14:02:50.700000+00:00,9.583333969116213
2019-07-28 15:02:50.707000+00:00,10.5
2019-07-28 16:02:50.711000+00:00,9.333333969116213
2019-07-28 17:02:50.700000+00:00,7.499999046325684
2019-07-28 18:03:01.180000+00:00,8.583333969116211
2019-07-28 19:03:01.140000+00:00,9.583333969116213
2019-07-28 20:02:50.700000+00:00,5.249999523162842
2019-07-28 21:02:50.701000+00:00,5.1666669845581055
2019-07-28 22:02:50.700000+00:00,10.0
2019-07-28 23:03:01.140000+00:00,9.5
2019-07-29 00:02:50.700000+00:00,7.916666507720947
2019-07-29 01:02:50.700000+00:00,16.083332061767578
2019-07-29 02:02:50.700000+00:00,16.91666603088379
2019-07-29 03:02:50.700000+00:00,11.333333969116213
2019-07-29 04:03:01.415000+00:00,4.75
2019-07-29 05:02:50.900000+00:00,8.25
2019-07-29 06:02:50.860000+00:00,9.833333015441896
2019-07-29 07:03:00.394000+00:00,11.25
2019-07-29 08:02:51.800000+00:00,11.75
2019-07-29 09:02:50.790000+00:00,15.416666030883787
2019-07-29 10:02:50.800000+00:00,12.0
2019-07-29 11:02:50.810000+00:00,16.75
2019-07-29 12:02:50.800000+00:00,14.250000953674316
2019-07-29 13:02:50.810000+00:00,12.833333015441896
2019-07-29 14:02:50.800000+00:00,11.416666984558104
2019-07-29 15:02:50.810000+00:00,7.75
2019-07-29 16:02:50.810000+00:00,8.916666030883789
2019-07-29 17:02:50.800000+00:00,11.833333015441896
2019-07-29 18:02:50.800000+00:00,20.91666603088379
2019-07-29 19:04:00.810000+00:00,17.416664123535156
2019-07-29 20:02:50.800000+00:00,16.33333396911621
2019-07-29 21:02:50.800000+00:00,7.000000476837158
2019-07-29 22:02:50.810000+00:00,8.583333015441895
2019-07-29 23:02:50.810000+00:00,12.0
2019-07-30 00:02:50.810000+00:00,10.75
2019-07-30 01:02:50.900000+00:00,11.833333015441896
2019-07-30 02:02:50.900000+00:00,6.916666507720947
2019-07-30 03:02:50.810000+00:00,8.0
2019-07-30 04:03:00.733000+00:00,6.75
2019-07-30 05:02:50.403000+00:00,6.999999523162842
2019-07-30 06:02:50.399000+00:00,9.75
2019-07-30 07:02:50.399000+00:00,6.749999523162842
2019-07-30 08:02:50.408000+00:00,10.333333015441896
2019-07-30 09:03:00.712000+00:00,13.583333969116213
2019-07-30 10:02:51.409000+00:00,11.166666030883787
2019-07-30 11:02:50.399000+00:00,11.5
2019-07-30 12:02:50.399000+00:00,12.25
2019-07-30 13:02:50.398000+00:00,10.0
2019-07-30 14:02:50.399000+00:00,14.333334922790527
2019-07-30 15:03:00.722000+00:00,9.083333969116213
2019-07-30 16:02:51.398000+00:00,13.666666984558104
2019-07-30 17:02:50.399000+00:00,16.33333396911621
2019-07-30 18:02:50.399000+00:00,15.833333969116213
2019-07-30 19:03:00.712000+00:00,14.666667938232422
2019-07-30 20:02:51.399000+00:00,21.166667938232425
2019-07-30 21:02:50.399000+00:00,15.416667938232422
2019-07-30 22:02:50.399000+00:00,15.999999046325684
2019-07-30 23:02:50.398000+00:00,16.08333396911621
2019-07-31 00:02:50.408000+00:00,18.166667938232425
2019-07-31 01:02:50.408000+00:00,16.41666603088379
2019-07-31 02:02:50.399000+00:00,22.5
2019-07-31 03:02:50.398000+00:00,18.5
2019-07-31 04:03:00.396000+00:00,17.75
2019-07-31 05:02:50.810000+00:00,16.33333396911621
2019-07-31 06:02:50.830000+00:00,11.666666030883787
2019-07-31 07:02:50.720000+00:00,20.91666603088379
2019-07-31 08:02:50.710000+00:00,22.0
2019-07-31 09:02:50.720000+00:00,42.83333206176758
2019-07-31 10:02:50.710000+00:00,29.83333396911621
2019-07-31 11:02:50.720000+00:00,23.5
2019-07-31 12:02:50.720000+00:00,12.583333015441896
2019-07-31 13:02:50.780000+00:00,24.08333396911621
2019-07-31 14:02:50.720000+00:00,21.66666412353516
2019-07-31 15:02:50.720000+00:00,20.666667938232425
2019-07-31 16:02:50.720000+00:00,12.25
2019-07-31 17:02:50.830000+00:00,19.499998092651367
2019-07-31 18:02:50.720000+00:00,20.16666603088379
2019-07-31 19:02:50.720000+00:00,28.91666412353516
2019-07-31 20:02:50.720000+00:00,34.41666793823242
2019-07-31 21:02:50.720000+00:00,25.66666603088379
2019-07-31 22:02:50.710000+00:00,27.666667938232425
2019-07-31 23:02:50.720000+00:00,23.91666603088379
2019-08-01 00:02:50.810000+00:00,25.16666412353516
2019-08-01 01:02:50.820000+00:00,24.66666603088379
2019-08-01 02:02:50.830000+00:00,28.5
2019-08-01 03:03:00.384000+00:00,18.833332061767575
2019-08-01 04:03:00.522000+00:00,25.0
2019-08-01 05:02:50.206000+00:00,24.749998092651367
2019-08-01 06:03:00.526000+00:00,30.25
2019-08-01 07:02:51.208000+00:00,28.41666412353516
2019-08-01 08:02:50.208000+00:00,42.749996185302734
2019-08-01 09:02:50.208000+00:00,32.41666793823242
2019-08-01 10:02:50.208000+00:00,26.833332061767575
2019-08-01 11:02:50.208000+00:00,27.66666603088379
2019-08-01 12:02:50.207000+00:00,18.66666603088379
2019-08-01 13:02:50.214000+00:00,21.0
2019-08-01 14:02:50.208000+00:00,28.66666603088379
2019-08-01 15:02:50.208000+00:00,12.833333969116213
2019-08-01 16:02:50.208000+00:00,16.500001907348633
2019-08-01 17:02:50.208000+00:00,10.5
2019-08-01 18:02:50.208000+00:00,10.666666984558104
2019-08-01 19:02:50.207000+00:00,16.58333396911621
2019-08-01 20:02:50.208000+00:00,11.333333015441896
2019-08-01 21:02:50.218000+00:00,14.666666030883787
2019-08-01 22:03:00.522000+00:00,14.0
2019-08-01 23:02:51.218000+00:00,19.166667938232425
2019-08-02 00:02:50.218000+00:00,14.499999046325684
2019-08-02 01:02:50.208000+00:00,17.16666603088379
2019-08-02 02:02:50.207000+00:00,19.33333396911621
2019-08-02 03:02:50.208000+00:00,13.583333015441896
2019-08-02 04:03:00.561000+00:00,36.58333206176758
2019-08-02 05:02:50.249000+00:00,15.416666030883787
2019-08-02 06:02:50.239000+00:00,14.166666984558104
2019-08-02 07:02:50.238000+00:00,12.583332061767578
2019-08-02 08:02:50.239000+00:00,19.41666603088379
2019-08-02 09:02:50.245000+00:00,28.333332061767575
2019-08-02 10:03:00.553000+00:00,28.16666603088379
2019-08-02 11:02:51.239000+00:00,23.66666603088379
2019-08-02 12:02:50.239000+00:00,17.91666603088379
2019-08-02 13:02:50.239000+00:00,19.416667938232425
2019-08-02 14:02:50.239000+00:00,21.41666603088379
2019-08-02 15:02:50.249000+00:00,19.16666603088379
2019-08-02 16:02:50.249000+00:00,16.33333396911621
2019-08-02 17:02:50.239000+00:00,13.166666984558104
2019-08-02 18:02:50.238000+00:00,11.25
2019-08-02 19:02:50.239000+00:00,15.583332061767578
2019-08-02 20:02:50.238000+00:00,15.5
2019-08-02 21:02:50.239000+00:00,18.0
2019-08-02 22:02:50.238000+00:00,16.5
2019-08-02 23:02:50.239000+00:00,12.666666984558104
2019-08-03 00:02:50.238000+00:00,25.333335876464844
2019-08-03 01:02:50.249000+00:00,13.0
2019-08-03 02:02:50.249000+00:00,8.75
2019-08-03 03:02:50.239000+00:00,11.583333969116213
2019-08-03 04:03:00.458000+00:00,11.666666984558104
2019-08-03 05:02:50.144000+00:00,12.083333969116213
2019-08-03 06:02:50.143000+00:00,11.583333015441896
2019-08-03 07:03:00.460000+00:00,16.83333396911621
2019-08-03 08:02:51.143000+00:00,11.416666984558104
2019-08-03 09:02:50.144000+00:00,21.33333396911621
2019-08-03 10:03:00.477000+00:00,34.083335876464844
2019-08-03 11:02:51.144000+00:00,34.0
2019-08-03 12:02:50.144000+00:00,31.416667938232425
2019-08-03 13:02:50.143000+00:00,15.25
2019-08-03 14:02:50.144000+00:00,17.083332061767578
2019-08-03 15:02:50.143000+00:00,20.583330154418945
2019-08-03 16:02:50.143000+00:00,11.5
2019-08-03 17:02:50.143000+00:00,15.5
2019-08-03 18:03:00.458000+00:00,6.333333492279053
2019-08-03 19:02:51.143000+00:00,7.0
2019-08-03 20:02:50.144000+00:00,15.999999046325684
2019-08-03 21:02:50.144000+00:00,21.499998092651367
2019-08-03 22:02:50.144000+00:00,15.5
2019-08-03 23:03:00.476000+00:00,21.66666412353516
2019-08-04 00:02:51.144000+00:00,16.416667938232422
2019-08-04 01:02:50.143000+00:00,20.166667938232425
2019-08-04 02:02:50.154000+00:00,18.58333396911621
2019-08-04 03:03:00.455000+00:00,12.916667938232422
2019-08-04 04:03:00.339000+00:00,12.000000953674316
2019-08-04 05:02:50.210000+00:00,7.833333492279053
2019-08-04 06:02:50.160000+00:00,17.83333396911621
2019-08-04 07:03:00.331000+00:00,16.41666603088379
2019-08-04 08:02:51.160000+00:00,6.416666507720947
2019-08-04 09:02:50.170000+00:00,10.916666984558104
2019-08-04 10:02:50.170000+00:00,6.333333015441895
2019-08-04 11:02:50.160000+00:00,14.583333969116213
2019-08-04 12:02:50.170000+00:00,13.166666984558104
2019-08-04 13:03:00.328000+00:00,5.999999523162842
2019-08-04 14:03:01.331000+00:00,7.333333492279053
2019-08-04 15:02:51.170000+00:00,4.75
2019-08-04 16:02:50.180000+00:00,8.333333969116211
2019-08-04 17:03:00.331000+00:00,4.0
2019-08-04 18:02:51.170000+00:00,4.499999523162842
2019-08-04 19:02:50.170000+00:00,8.166666030883789
2019-08-04 20:02:50.170000+00:00,14.083333969116213
2019-08-04 21:02:50.160000+00:00,14.750000953674316
2019-08-04 22:02:50.170000+00:00,16.249998092651367
2019-08-04 23:02:50.170000+00:00,10.75
2019-08-05 00:02:50.270000+00:00,5.5
2019-08-05 01:02:50.290000+00:00,7.833332538604736
2019-08-05 02:02:50.170000+00:00,4.583333492279053
2019-08-05 03:02:50.170000+00:00,3.75
2019-08-05 04:03:01.562000+00:00,5.166666507720947
2019-08-05 05:02:50.230000+00:00,3.0833334922790527
2019-08-05 06:02:50.219000+00:00,4.75
2019-08-05 07:02:50.220000+00:00,5.333333015441895
2019-08-05 08:02:50.219000+00:00,11.749999046325684
2019-08-05 09:02:50.219000+00:00,7.000000476837158
2019-08-05 10:02:50.220000+00:00,15.5
2019-08-05 11:02:50.219000+00:00,13.083333969116213
2019-08-05 12:02:50.220000+00:00,11.750000953674316
2019-08-05 13:02:50.219000+00:00,4.833333015441895
2019-08-05 14:02:50.220000+00:00,11.0
2019-08-05 15:02:50.220000+00:00,6.833333492279053
2019-08-05 16:02:50.220000+00:00,11.75
2019-08-05 17:02:50.219000+00:00,8.916666984558105
2019-08-05 18:03:00.534000+00:00,8.916666984558105
2019-08-05 19:02:51.219000+00:00,12.833333015441896
2019-08-05 20:02:50.220000+00:00,25.0
2019-08-05 21:02:50.229000+00:00,16.25
2019-08-05 22:02:50.219000+00:00,26.666667938232425
2019-08-05 23:03:00.534000+00:00,23.25
2019-08-06 00:02:51.230000+00:00,15.083333015441896
2019-08-06 01:02:50.230000+00:00,12.0
2019-08-06 02:02:50.230000+00:00,13.166667938232422
2019-08-06 03:02:50.219000+00:00,8.25
2019-08-06 04:03:00.956000+00:00,8.083333015441895
2019-08-06 05:02:49.628000+00:00,9.083333015441896
2019-08-06 06:02:50.629000+00:00,9.333333015441896
2019-08-06 07:02:50.630000+00:00,20.083332061767575
2019-08-06 08:02:50.630000+00:00,21.416667938232425
2019-08-06 09:02:50.628000+00:00,22.083332061767575
2019-08-06 10:02:50.629000+00:00,24.583332061767575
2019-08-06 11:02:50.630000+00:00,14.083333969116213
2019-08-06 12:02:50.639000+00:00,13.999999046325684
2019-08-06 13:02:50.639000+00:00,14.833332061767578
2019-08-06 14:02:50.639000+00:00,16.33333396911621
2019-08-06 15:03:00.943000+00:00,19.33333396911621
2019-08-06 16:02:50.639000+00:00,18.666667938232425
2019-08-06 17:02:50.632000+00:00,24.083332061767575
2019-08-06 18:02:50.635000+00:00,26.5
2019-08-06 19:02:50.640000+00:00,31.08333396911621
2019-08-06 20:02:50.630000+00:00,24.999998092651367
2019-08-06 21:02:50.629000+00:00,32.66666412353516
2019-08-06 22:02:50.629000+00:00,32.750003814697266
2019-08-06 23:02:50.629000+00:00,25.41666603088379
2019-08-07 00:02:50.628000+00:00,14.333333969116213
2019-08-07 01:02:50.629000+00:00,29.5
2019-08-07 02:02:50.630000+00:00,21.0
2019-08-07 03:02:50.628000+00:00,23.58333396911621
2019-08-07 04:03:00.523000+00:00,23.91666603088379
2019-08-07 05:02:50.197000+00:00,14.499999046325684
2019-08-07 06:02:50.188000+00:00,19.166667938232425
2019-08-07 07:03:00.502000+00:00,19.249998092651367
2019-08-07 08:02:51.188000+00:00,31.0
2019-08-07 09:02:50.188000+00:00,25.75
2019-08-07 10:02:50.187000+00:00,26.91666603088379
2019-08-07 11:02:50.188000+00:00,28.08333396911621
2019-08-07 12:02:50.198000+00:00,18.5
2019-08-07 13:02:50.187000+00:00,22.499998092651367
2019-08-07 14:02:50.188000+00:00,20.83333396911621
2019-08-07 15:02:50.188000+00:00,19.833332061767575
2019-08-07 16:02:50.194000+00:00,25.66666603088379
2019-08-07 17:03:00.502000+00:00,30.16666603088379
2019-08-07 18:02:51.188000+00:00,22.583332061767575
2019-08-07 19:02:50.187000+00:00,27.5
2019-08-07 20:02:50.188000+00:00,31.666667938232425
2019-08-07 21:02:50.193000+00:00,33.66666793823242
2019-08-07 22:02:50.188000+00:00,36.25
2019-08-07 23:02:50.187000+00:00,35.16666793823242
2019-08-08 00:02:50.188000+00:00,31.999998092651367
2019-08-08 01:02:50.187000+00:00,29.083335876464844
2019-08-08 02:02:50.186000+00:00,32.58333206176758
2019-08-08 03:02:50.190000+00:00,31.91666412353516
2019-08-08 04:03:00.673000+00:00,34.66666793823242
2019-08-08 05:02:50.359000+00:00,27.41666603088379
2019-08-08 06:02:50.349000+00:00,28.91666603088379
2019-08-08 07:02:50.349000+00:00,31.66666603088379
2019-08-08 08:02:50.349000+00:00,33.41666412353516
2019-08-08 09:02:50.349000+00:00,42.0
2019-08-08 10:02:50.349000+00:00,34.41666793823242
2019-08-08 11:02:50.350000+00:00,36.75000381469727
2019-08-08 12:02:50.349000+00:00,37.41666793823242
2019-08-08 13:02:50.350000+00:00,25.166667938232425
2019-08-08 14:03:00.664000+00:00,27.75
2019-08-08 15:02:51.349000+00:00,20.833332061767575
2019-08-08 16:02:50.350000+00:00,18.25
2019-08-08 17:02:50.348000+00:00,23.16666603088379
2019-08-08 18:02:50.359000+00:00,25.999998092651367
2019-08-08 19:02:50.349000+00:00,27.833335876464844
2019-08-08 20:02:50.349000+00:00,23.66666603088379
2019-08-08 21:02:50.349000+00:00,38.91666793823242
2019-08-08 22:02:50.349000+00:00,34.16666793823242
2019-08-08 23:02:50.350000+00:00,29.08333396911621
2019-08-09 00:02:50.350000+00:00,30.250001907348636
2019-08-09 01:02:50.349000+00:00,33.91666412353516
2019-08-09 02:02:50.350000+00:00,31.583330154418945
2019-08-09 03:02:50.349000+00:00,19.08333396911621
2019-08-09 04:03:01.241000+00:00,24.083332061767575
2019-08-09 05:02:49.928000+00:00,23.5
2019-08-09 06:02:49.930000+00:00,19.41666603088379
2019-08-09 07:02:49.930000+00:00,22.666667938232425
2019-08-09 08:02:49.929000+00:00,35.25
2019-08-09 09:02:49.929000+00:00,24.66666603088379
2019-08-09 10:02:49.930000+00:00,23.5
2019-08-09 11:02:49.929000+00:00,26.749998092651367
2019-08-09 12:02:49.929000+00:00,19.999998092651367
2019-08-09 13:02:49.928000+00:00,26.16666603088379
2019-08-09 14:02:49.929000+00:00,27.58333396911621
2019-08-09 15:02:49.929000+00:00,16.333332061767578
2019-08-09 16:02:49.929000+00:00,21.0
2019-08-09 17:02:49.929000+00:00,23.75
2019-08-09 18:02:49.929000+00:00,26.25
2019-08-09 19:02:49.934000+00:00,27.75
2019-08-09 20:02:49.940000+00:00,33.83333206176758
2019-08-09 21:03:00.243000+00:00,32.25
2019-08-09 22:02:50.929000+00:00,31.41666603088379
2019-08-09 23:02:49.929000+00:00,33.083335876464844
2019-08-10 00:02:49.928000+00:00,34.833335876464844
2019-08-10 01:02:49.929000+00:00,37.41666793823242
2019-08-10 02:02:49.929000+00:00,35.249996185302734
2019-08-10 03:02:49.929000+00:00,31.999998092651367
2019-08-10 04:03:01.209000+00:00,34.0
2019-08-10 05:02:49.896000+00:00,32.66666793823242
2019-08-10 06:03:00.197000+00:00,31.83333396911621
2019-08-10 07:02:50.883000+00:00,28.83333396911621
2019-08-10 08:02:49.883000+00:00,34.499996185302734
2019-08-10 09:02:49.884000+00:00,36.33333206176758
2019-08-10 10:02:49.884000+00:00,33.16666793823242
2019-08-10 11:02:49.884000+00:00,26.750001907348636
2019-08-10 12:02:49.884000+00:00,24.25
2019-08-10 13:03:00.199000+00:00,27.91666603088379
2019-08-10 14:02:50.884000+00:00,23.5
2019-08-10 15:02:49.883000+00:00,24.083332061767575
2019-08-10 16:02:49.883000+00:00,21.166667938232425
2019-08-10 17:02:49.894000+00:00,24.58333396911621
2019-08-10 18:02:49.884000+00:00,23.25
2019-08-10 19:02:49.884000+00:00,21.5
2019-08-10 20:02:49.884000+00:00,27.333332061767575
2019-08-10 21:02:49.884000+00:00,25.08333396911621
2019-08-10 22:02:49.883000+00:00,28.66666603088379
2019-08-10 23:02:49.884000+00:00,11.666667938232422
2019-08-11 00:02:49.883000+00:00,18.41666603088379
2019-08-11 01:02:49.884000+00:00,21.5
2019-08-11 02:02:49.885000+00:00,26.16666603088379
2019-08-11 03:02:49.883000+00:00,15.333333969116213
2019-08-11 04:03:01.155000+00:00,8.333333969116211
2019-08-11 05:02:49.831000+00:00,17.66666603088379
2019-08-11 06:02:49.821000+00:00,20.666667938232425
2019-08-11 07:02:49.831000+00:00,19.41666603088379
2019-08-11 08:02:49.822000+00:00,16.833332061767578
2019-08-11 09:02:49.821000+00:00,19.5
2019-08-11 10:02:49.822000+00:00,15.750000953674316
2019-08-11 11:02:49.821000+00:00,16.916667938232422
2019-08-11 12:02:49.821000+00:00,15.083332061767578
2019-08-11 13:02:49.831000+00:00,20.91666412353516
2019-08-11 14:03:00.135000+00:00,16.16666603088379
2019-08-11 15:02:50.831000+00:00,19.58333396911621
2019-08-11 16:02:49.821000+00:00,21.000001907348636
2019-08-11 17:02:49.821000+00:00,18.58333396911621
2019-08-11 18:02:49.821000+00:00,21.83333396911621
2019-08-11 19:02:59.904000+00:00,3.25
2019-08-11 20:02:50.579000+00:00,8.500000953674316
2019-08-11 21:02:50.589000+00:00,6.500000476837158
2019-08-11 22:02:50.579000+00:00,2.4166667461395264
2019-08-11 23:02:50.580000+00:00,5.083333492279053
2019-08-12 00:03:00.895000+00:00,2.5
2019-08-12 01:02:50.581000+00:00,2.9166667461395264
2019-08-12 02:02:50.580000+00:00,4.4166669845581055
2019-08-12 03:02:50.579000+00:00,3.5833332538604736
2019-08-12 04:03:01.434000+00:00,4.1666669845581055
2019-08-12 05:02:50.132000+00:00,3.5
2019-08-12 06:02:50.122000+00:00,30.66666603088379
2019-08-12 07:03:00.435000+00:00,21.000001907348636
2019-08-12 08:02:51.122000+00:00,12.916666984558104
2019-08-12 09:02:50.128000+00:00,11.833333015441896
2019-08-12 10:02:50.121000+00:00,6.9166669845581055
2019-08-12 11:02:50.122000+00:00,7.9166669845581055
2019-08-12 12:02:50.122000+00:00,16.08333396911621
2019-08-12 13:02:50.122000+00:00,8.083333969116211
2019-08-12 14:02:50.122000+00:00,7.583333492279053
2019-08-12 15:03:00.445000+00:00,10.666666030883787
2019-08-12 16:02:51.122000+00:00,8.416666030883789
2019-08-12 17:02:50.132000+00:00,12.583332061767578
2019-08-12 18:02:50.121000+00:00,17.583332061767578
2019-08-12 19:02:50.132000+00:00,21.25
2019-08-12 20:02:50.132000+00:00,21.75
2019-08-12 21:02:50.132000+00:00,22.66666603088379
2019-08-12 22:02:50.121000+00:00,16.416667938232422
2019-08-12 23:03:00.435000+00:00,13.833333969116213
2019-08-13 00:02:51.122000+00:00,17.08333396911621
2019-08-13 01:02:50.122000+00:00,21.91666603088379
2019-08-13 02:02:50.121000+00:00,17.666667938232422
2019-08-13 03:03:00.434000+00:00,13.666666984558104
2019-08-13 04:03:00.583000+00:00,7.166666507720947
2019-08-13 05:02:50.259000+00:00,9.833333015441896
2019-08-13 06:02:50.265000+00:00,14.416666984558104
2019-08-13 07:03:00.578000+00:00,13.666666030883787
2019-08-13 08:02:51.259000+00:00,21.41666603088379
2019-08-13 09:02:50.259000+00:00,17.0
2019-08-13 10:02:50.259000+00:00,9.583333969116213
2019-08-13 11:02:50.258000+00:00,19.583332061767575
2019-08-13 12:02:50.270000+00:00,13.416666984558104
2019-08-13 13:02:50.260000+00:00,15.666667938232422
2019-08-13 14:02:50.260000+00:00,19.83333396911621
2019-08-13 15:02:50.260000+00:00,15.000000953674316
2019-08-13 16:02:50.260000+00:00,18.0
2019-08-13 17:02:50.259000+00:00,14.666666984558104
2019-08-13 18:03:00.572000+00:00,21.33333396911621
2019-08-13 19:02:51.258000+00:00,13.833332061767578
2019-08-13 20:02:50.259000+00:00,20.666667938232425
2019-08-13 21:02:50.259000+00:00,21.16666603088379
2019-08-13 22:02:50.260000+00:00,16.083332061767578
2019-08-13 23:02:50.260000+00:00,18.16666603088379
2019-08-14 00:02:50.259000+00:00,24.66666603088379
2019-08-14 01:02:50.264000+00:00,15.416666030883787
2019-08-14 02:02:50.270000+00:00,17.083332061767578
2019-08-14 03:02:50.260000+00:00,18.0
2019-08-14 04:03:00.909000+00:00,16.16666603088379
2019-08-14 05:02:49.596000+00:00,20.083332061767575
2019-08-14 06:02:50.591000+00:00,29.499998092651367
2019-08-14 07:02:50.585000+00:00,28.916667938232425
2019-08-14 08:02:50.585000+00:00,18.41666603088379
2019-08-14 09:02:50.585000+00:00,29.666667938232425
2019-08-14 10:02:50.586000+00:00,34.08333206176758
2019-08-14 11:02:50.586000+00:00,13.5
2019-08-14 12:02:50.586000+00:00,17.83333396911621
2019-08-14 13:02:50.586000+00:00,10.666666030883787
2019-08-14 14:02:50.586000+00:00,11.916666984558104
2019-08-14 15:02:50.592000+00:00,10.833333015441896
2019-08-14 16:02:50.586000+00:00,12.333333015441896
2019-08-14 17:02:50.591000+00:00,18.749998092651367
2019-08-14 18:02:50.586000+00:00,15.249999046325684
2019-08-14 19:02:50.586000+00:00,20.83333396911621
2019-08-14 20:02:50.586000+00:00,19.91666603088379
2019-08-14 21:02:50.596000+00:00,22.0
2019-08-14 22:02:50.586000+00:00,13.333333015441896
2019-08-14 23:02:50.586000+00:00,13.25
2019-08-15 00:02:50.586000+00:00,8.75
2019-08-15 01:02:50.586000+00:00,6.416666507720947
2019-08-15 02:02:50.585000+00:00,12.75
2019-08-15 03:02:50.589000+00:00,6.5
2019-08-15 04:03:01.152000+00:00,10.75
2019-08-15 05:02:49.837000+00:00,10.666666984558104
2019-08-15 06:02:49.835000+00:00,13.666666984558104
2019-08-15 07:02:49.828000+00:00,20.41666603088379
2019-08-15 08:02:49.828000+00:00,12.916666984558104
2019-08-15 09:02:49.826000+00:00,27.5
2019-08-15 10:02:49.828000+00:00,34.66666793823242
2019-08-15 11:02:49.828000+00:00,14.999999046325684
2019-08-15 12:02:49.827000+00:00,9.916666030883787
2019-08-15 13:02:49.828000+00:00,7.3333330154418945
2019-08-15 14:02:49.829000+00:00,6.5
2019-08-15 15:03:00.142000+00:00,17.75
2019-08-15 16:02:50.838000+00:00,16.0
2019-08-15 17:02:49.833000+00:00,18.416667938232425
2019-08-15 18:02:49.839000+00:00,22.166667938232425
2019-08-15 19:02:49.838000+00:00,19.500001907348636
2019-08-15 20:02:49.838000+00:00,17.583332061767578
2019-08-15 21:02:49.839000+00:00,19.41666603088379
2019-08-15 22:02:49.828000+00:00,26.91666603088379
2019-08-15 23:02:49.827000+00:00,17.083332061767578
2019-08-16 00:02:49.828000+00:00,19.91666603088379
2019-08-16 01:02:49.828000+00:00,16.0
2019-08-16 02:02:49.827000+00:00,12.416666984558104
2019-08-16 03:02:49.828000+00:00,15.583333015441896
2019-08-16 04:03:00.476000+00:00,16.0
2019-08-16 05:02:50.141000+00:00,24.166667938232425
2019-08-16 06:03:00.456000+00:00,26.749998092651367
2019-08-16 07:02:51.143000+00:00,38.33333206176758
2019-08-16 08:02:50.143000+00:00,42.91666793823242
2019-08-16 09:02:50.142000+00:00,37.08333587646485
2019-08-16 10:03:00.456000+00:00,32.66666412353516
2019-08-16 11:02:51.142000+00:00,26.08333396911621
2019-08-16 12:02:50.142000+00:00,22.083332061767575
2019-08-16 13:02:50.149000+00:00,18.749998092651367
2019-08-16 14:02:50.142000+00:00,15.666666030883787
2019-08-16 15:02:50.143000+00:00,19.083332061767575
2019-08-16 16:02:50.153000+00:00,24.333332061767575
2019-08-16 17:02:50.142000+00:00,32.33333206176758
2019-08-16 18:02:50.142000+00:00,25.58333396911621
2019-08-16 19:02:50.142000+00:00,26.91666412353516
2019-08-16 20:02:50.143000+00:00,16.33333396911621
2019-08-16 21:02:50.143000+00:00,19.0
2019-08-16 22:02:50.152000+00:00,22.91666603088379
2019-08-16 23:02:50.143000+00:00,26.16666603088379
2019-08-17 00:02:50.143000+00:00,15.000000953674316
2019-08-17 01:02:50.143000+00:00,3.0833334922790527
2019-08-17 02:02:50.142000+00:00,7.416666507720947
2019-08-17 03:02:50.151000+00:00,6.6666669845581055
2019-08-17 04:03:01.295000+00:00,12.249999046325684
2019-08-17 05:02:49.979000+00:00,11.416666984558104
2019-08-17 06:02:49.979000+00:00,20.499998092651367
2019-08-17 07:03:00.293000+00:00,18.58333396911621
2019-08-17 08:02:50.979000+00:00,38.16666412353516
2019-08-17 09:02:49.978000+00:00,39.08333206176758
2019-08-17 10:02:49.979000+00:00,33.0
2019-08-17 11:02:49.978000+00:00,30.5
2019-08-17 12:02:49.989000+00:00,27.91666603088379
2019-08-17 13:02:49.979000+00:00,27.08333396911621
2019-08-17 14:02:49.979000+00:00,33.25
2019-08-17 15:02:49.979000+00:00,28.08333396911621
2019-08-17 16:02:49.979000+00:00,29.25
2019-08-17 17:02:49.979000+00:00,27.083335876464844
2019-08-17 18:02:49.988000+00:00,31.5
2019-08-17 19:02:49.978000+00:00,28.16666412353516
2019-08-17 20:02:49.979000+00:00,26.75
2019-08-17 21:02:49.979000+00:00,30.249998092651367
2019-08-17 22:02:49.979000+00:00,34.83333206176758
2019-08-17 23:02:49.979000+00:00,38.91666412353516
2019-08-18 00:02:49.979000+00:00,36.0
2019-08-18 01:02:49.999000+00:00,35.5
2019-08-18 02:02:49.990000+00:00,35.91666412353516
2019-08-18 03:02:49.978000+00:00,37.25
2019-08-18 04:03:00.218000+00:00,35.33333206176758
2019-08-18 05:02:49.894000+00:00,36.000003814697266
2019-08-18 06:02:49.885000+00:00,36.25
2019-08-18 07:02:49.885000+00:00,32.91666793823242
2019-08-18 08:02:49.884000+00:00,39.08333206176758
2019-08-18 09:02:49.883000+00:00,35.16666793823242
2019-08-18 10:02:49.885000+00:00,37.83333587646485
2019-08-18 11:02:49.885000+00:00,34.833335876464844
2019-08-18 12:02:49.884000+00:00,31.583332061767575
2019-08-18 13:02:49.885000+00:00,31.416667938232425
2019-08-18 14:02:49.885000+00:00,28.75
2019-08-18 15:02:49.884000+00:00,23.83333396911621
2019-08-18 16:02:49.884000+00:00,23.83333396911621
2019-08-18 17:02:49.884000+00:00,21.0
2019-08-18 18:02:49.885000+00:00,10.083333969116213
2019-08-18 19:03:00.208000+00:00,14.000000953674316
2019-08-18 20:02:50.885000+00:00,18.833332061767575
2019-08-18 21:02:49.896000+00:00,16.41666603088379
2019-08-18 22:02:49.884000+00:00,7.333333492279053
2019-08-18 23:02:49.884000+00:00,8.75
2019-08-19 00:02:49.885000+00:00,11.916666984558104
2019-08-19 01:02:49.885000+00:00,11.583333969116213
2019-08-19 02:02:49.885000+00:00,11.083333969116213
2019-08-19 03:02:49.895000+00:00,11.999999046325684
2019-08-19 04:03:00.967000+00:00,12.75
2019-08-19 05:02:49.642000+00:00,7.6666669845581055
2019-08-19 06:02:50.643000+00:00,7.083333015441895
2019-08-19 06:02:50.643000+00:00,7.083333015441895
2019-08-19 07:02:50.643000+00:00,6.9166669845581055
2019-08-19 08:02:50.643000+00:00,9.25
2019-08-19 09:02:50.641000+00:00,10.999999046325684
2019-08-19 10:02:50.642000+00:00,15.749999046325684
2019-08-19 11:03:00.966000+00:00,9.916666030883787
2019-08-19 12:02:50.653000+00:00,11.25
2019-08-19 13:02:50.653000+00:00,14.0
2019-08-19 14:02:50.654000+00:00,17.83333396911621
2019-08-19 15:03:00.958000+00:00,21.41666603088379
2019-08-19 16:02:50.653000+00:00,1.4166666269302368
2019-08-19 17:02:50.642000+00:00,9.916666030883787
2019-08-19 18:02:50.647000+00:00,9.916666030883787
2019-08-19 19:02:50.652000+00:00,4.1666669845581055
2019-08-19 20:03:00.954000+00:00,9.25
2019-08-19 21:02:50.642000+00:00,14.666666984558104
2019-08-19 22:02:50.642000+00:00,10.25
2019-08-19 23:02:50.643000+00:00,7.9166669845581055
2019-08-20 00:02:50.643000+00:00,6.666666507720947
2019-08-20 01:02:50.643000+00:00,9.666666030883787
2019-08-20 02:02:50.642000+00:00,5.083333492279053
2019-08-20 03:02:50.642000+00:00,9.249999046325684
2019-08-20 04:03:00.824000+00:00,8.25
2019-08-20 05:02:50.489000+00:00,5.083333015441895
2019-08-20 06:02:50.495000+00:00,8.0
2019-08-20 07:03:00.803000+00:00,22.5
2019-08-20 08:02:50.500000+00:00,25.83333396911621
2019-08-20 09:02:50.499000+00:00,20.249998092651367
2019-08-20 10:03:00.803000+00:00,12.416665077209473
2019-08-20 11:02:50.500000+00:00,8.0
2019-08-20 12:02:50.489000+00:00,16.58333396911621
2019-08-20 13:02:50.489000+00:00,22.83333396911621
2019-08-20 14:03:00.809000+00:00,16.83333396911621
2019-08-20 15:02:50.489000+00:00,23.41666603088379
2019-08-20 16:02:50.489000+00:00,24.25
2019-08-20 17:02:50.488000+00:00,30.16666603088379
2019-08-20 18:02:50.499000+00:00,35.5
2019-08-20 19:02:50.494000+00:00,33.000003814697266
2019-08-20 20:02:50.499000+00:00,35.5
2019-08-20 21:02:50.499000+00:00,34.08333206176758
2019-08-20 22:02:50.489000+00:00,31.16666412353516
2019-08-20 23:02:50.489000+00:00,27.083332061767575
2019-08-21 00:03:00.811000+00:00,21.16666603088379
2019-08-21 01:02:50.490000+00:00,21.5
2019-08-21 02:02:50.489000+00:00,14.416666984558104
2019-08-21 03:02:50.489000+00:00,16.833332061767578
2019-08-21 04:03:01.146000+00:00,13.000000953674316
2019-08-21 05:02:49.832000+00:00,29.16666603088379
2019-08-21 06:02:49.832000+00:00,31.833335876464844
2019-08-21 07:02:49.833000+00:00,12.999999046325684
2019-08-21 08:02:49.842000+00:00,19.750001907348636
2019-08-21 09:02:49.832000+00:00,9.833333969116213
2019-08-21 10:02:49.831000+00:00,2.999999761581421
2019-08-21 11:02:49.831000+00:00,9.0
2019-08-21 12:02:49.843000+00:00,16.0
2019-08-21 13:02:49.833000+00:00,12.5
2019-08-21 14:03:00.146000+00:00,29.666667938232425
2019-08-21 15:02:50.832000+00:00,52.08333206176758
2019-08-21 16:02:49.832000+00:00,31.833332061767575
2019-08-21 17:02:49.832000+00:00,28.16666603088379
2019-08-21 18:02:49.832000+00:00,25.0
2019-08-21 19:03:00.147000+00:00,28.583335876464844
2019-08-21 20:02:50.832000+00:00,24.33333396911621
2019-08-21 21:02:49.833000+00:00,31.083330154418945
2019-08-21 22:02:49.832000+00:00,29.000001907348636
2019-08-21 23:02:49.832000+00:00,29.583332061767575
2019-08-22 00:03:00.152000+00:00,32.58333206176758
2019-08-22 01:02:50.831000+00:00,28.91666603088379
2019-08-22 02:02:49.832000+00:00,31.0
2019-08-22 03:03:00.165000+00:00,15.416666030883787
2019-08-22 04:03:00.762000+00:00,19.833332061767575
2019-08-22 05:02:50.439000+00:00,25.16666603088379
2019-08-22 06:02:50.439000+00:00,31.0
2019-08-22 07:02:50.439000+00:00,35.41666412353516
2019-08-22 08:02:50.439000+00:00,29.83333396911621
2019-08-22 09:02:50.430000+00:00,20.333332061767575
2019-08-22 10:02:50.439000+00:00,15.5
2019-08-22 11:02:50.440000+00:00,22.5
2019-08-22 12:02:50.429000+00:00,24.583332061767575
2019-08-22 13:02:50.429000+00:00,16.083335876464844
2019-08-22 14:02:50.429000+00:00,15.416666984558104
2019-08-22 15:02:50.429000+00:00,31.333332061767575
2019-08-22 16:02:50.429000+00:00,22.583332061767575
2019-08-22 17:02:50.429000+00:00,32.41666793823242
2019-08-22 18:02:50.429000+00:00,35.083335876464844
2019-08-22 19:02:50.429000+00:00,26.499998092651367
2019-08-22 20:02:50.429000+00:00,30.333332061767575
2019-08-22 21:03:00.743000+00:00,38.16666793823242
2019-08-22 22:02:51.429000+00:00,37.16666793823242
2019-08-22 23:03:00.744000+00:00,34.83333206176758
2019-08-23 00:02:51.429000+00:00,28.58333396911621
2019-08-23 01:02:50.428000+00:00,30.083332061767575
2019-08-23 02:02:50.430000+00:00,35.66666412353516
2019-08-23 03:02:50.439000+00:00,23.166667938232425
2019-08-23 04:03:00.303000+00:00,18.916667938232425
2019-08-23 05:02:49.979000+00:00,8.5
2019-08-23 06:02:49.979000+00:00,15.916666984558104
2019-08-23 07:02:49.980000+00:00,30.33333396911621
2019-08-23 08:02:49.979000+00:00,19.41666603088379
2019-08-23 09:02:49.989000+00:00,20.08333396911621
2019-08-23 10:02:49.989000+00:00,20.16666603088379
2019-08-23 11:02:49.979000+00:00,13.749998092651367
2019-08-23 12:02:49.979000+00:00,16.25
2019-08-23 13:02:49.979000+00:00,21.16666603088379
2019-08-23 14:02:49.979000+00:00,20.25
2019-08-23 15:02:49.979000+00:00,21.25
2019-08-23 16:02:49.979000+00:00,31.41666603088379
2019-08-23 17:02:49.979000+00:00,9.250000953674316
2019-08-23 18:02:49.979000+00:00,6.666667461395264
2019-08-23 19:03:00.295000+00:00,49.08333206176758
2019-08-23 20:02:50.979000+00:00,22.16666603088379
2019-08-23 21:02:49.979000+00:00,19.916667938232425
2019-08-23 22:03:00.300000+00:00,15.083332061767578
2019-08-23 23:02:50.980000+00:00,24.5
2019-08-24 00:03:00.293000+00:00,21.08333396911621
2019-08-24 01:02:50.979000+00:00,17.0
2019-08-24 02:02:49.985000+00:00,15.916666030883787
2019-08-24 03:02:49.979000+00:00,19.583335876464844
2019-08-24 04:03:00.350000+00:00,20.5
2019-08-24 05:02:50.240000+00:00,26.833332061767575
2019-08-24 06:03:00.359000+00:00,28.749998092651367
2019-08-24 07:02:51.240000+00:00,32.5
2019-08-24 08:02:50.240000+00:00,29.41666603088379
2019-08-24 09:02:50.250000+00:00,28.499998092651367
2019-08-24 10:02:50.250000+00:00,33.41666793823242
2019-08-24 11:02:50.250000+00:00,13.916666030883787
2019-08-24 12:02:50.250000+00:00,18.833332061767575
2019-08-24 13:02:50.240000+00:00,19.0
2019-08-24 14:02:50.250000+00:00,17.75
2019-08-24 15:03:00.339000+00:00,29.58333396911621
2019-08-24 16:02:51.250000+00:00,20.916667938232425
2019-08-24 17:02:50.250000+00:00,22.666667938232425
2019-08-24 18:02:50.250000+00:00,16.25
2019-08-24 19:02:50.240000+00:00,23.749998092651367
2019-08-24 20:02:50.250000+00:00,37.83333206176758
2019-08-24 21:02:50.350000+00:00,16.0
2019-08-24 22:02:50.250000+00:00,11.250000953674316
2019-08-24 23:02:50.250000+00:00,8.583333015441895
2019-08-25 00:02:50.260000+00:00,8.583333015441895
2019-08-25 01:02:50.250000+00:00,7.333333492279053
2019-08-25 02:02:50.240000+00:00,8.833333969116211
2019-08-25 03:02:50.250000+00:00,6.833333015441895
2019-08-25 04:03:00.471000+00:00,7.8333330154418945
2019-08-25 05:02:50.132000+00:00,5.4166669845581055
2019-08-25 06:02:50.133000+00:00,9.833333969116213
2019-08-25 07:02:50.132000+00:00,16.91666603088379
2019-08-25 08:02:50.133000+00:00,9.083333969116213
2019-08-25 09:03:00.446000+00:00,8.166666984558105
2019-08-25 10:02:51.135000+00:00,4.166666507720947
2019-08-25 11:03:00.446000+00:00,4.166666507720947
2019-08-25 12:02:51.132000+00:00,7.9166669845581055
2019-08-25 13:02:50.132000+00:00,10.416667938232422
2019-08-25 14:02:50.132000+00:00,12.416666984558104
2019-08-25 15:02:50.132000+00:00,14.5
2019-08-25 16:02:50.142000+00:00,12.916666984558104
2019-08-25 17:02:50.142000+00:00,11.916666030883787
2019-08-25 18:02:50.142000+00:00,10.25
2019-08-25 19:02:50.142000+00:00,10.25
2019-08-25 20:02:50.131000+00:00,11.333333015441896
2019-08-25 21:02:50.142000+00:00,13.750000953674316
2019-08-25 22:03:00.447000+00:00,17.91666603088379
2019-08-25 23:02:51.132000+00:00,10.166666984558104
2019-08-26 00:02:50.133000+00:00,10.666666984558104
2019-08-26 01:02:50.132000+00:00,15.333333015441896
2019-08-26 02:02:50.133000+00:00,10.999999046325684
2019-08-26 03:02:50.131000+00:00,11.833333969116213
2019-08-26 04:03:00.915000+00:00,11.75
2019-08-26 05:02:49.590000+00:00,13.916666030883787
2019-08-26 06:02:50.590000+00:00,20.750001907348636
2019-08-26 07:02:50.601000+00:00,30.75
2019-08-26 08:02:50.601000+00:00,26.58333396911621
2019-08-26 09:02:50.601000+00:00,11.833333015441896
2019-08-26 10:03:00.905000+00:00,7.833333492279053
2019-08-26 11:02:50.591000+00:00,13.833333015441896
2019-08-26 12:02:50.592000+00:00,13.583333015441896
2019-08-26 13:02:50.591000+00:00,12.25
2019-08-26 14:02:50.591000+00:00,12.75
2019-08-26 15:02:50.591000+00:00,17.58333396911621
2019-08-26 16:02:50.591000+00:00,33.25
2019-08-26 17:02:50.589000+00:00,18.5
2019-08-26 18:02:50.591000+00:00,18.41666603088379
2019-08-26 19:02:50.592000+00:00,25.500001907348636
2019-08-26 20:02:50.591000+00:00,24.333332061767575
2019-08-26 21:02:50.601000+00:00,10.333333015441896
2019-08-26 22:02:50.602000+00:00,18.16666603088379
2019-08-26 23:02:50.591000+00:00,17.416667938232422
2019-08-27 00:03:00.906000+00:00,14.083333969116213
2019-08-27 01:02:50.591000+00:00,12.416666030883787
2019-08-27 02:03:00.905000+00:00,14.000000953674316
2019-08-27 03:02:50.602000+00:00,9.666666030883787
2019-08-27 04:03:00.514000+00:00,17.83333396911621
2019-08-27 05:02:50.179000+00:00,14.083333015441896
2019-08-27 06:02:50.183000+00:00,14.666667938232422
2019-08-27 07:02:50.181000+00:00,27.58333396911621
2019-08-27 08:02:50.190000+00:00,25.666667938232425
2019-08-27 09:02:50.186000+00:00,14.833333969116213
2019-08-27 10:03:00.495000+00:00,11.666667938232422
2019-08-27 11:02:51.180000+00:00,15.333333015441896
2019-08-27 12:02:50.181000+00:00,34.33333206176758
2019-08-27 13:02:50.187000+00:00,26.166667938232425
2019-08-27 14:02:50.181000+00:00,31.66666412353516
2019-08-27 15:02:50.191000+00:00,14.583333015441896
2019-08-27 16:02:50.180000+00:00,15.833333015441896
2019-08-27 17:02:50.181000+00:00,29.41666603088379
2019-08-27 18:02:50.180000+00:00,28.0
2019-08-27 19:02:50.180000+00:00,25.333335876464844
2019-08-27 20:02:50.180000+00:00,22.66666603088379
2019-08-27 21:02:50.181000+00:00,24.583332061767575
2019-08-27 22:03:00.493000+00:00,21.500001907348636
2019-08-27 23:02:51.184000+00:00,24.41666412353516
2019-08-28 00:02:50.180000+00:00,16.75
2019-08-28 01:02:50.181000+00:00,4.916666507720947
2019-08-28 02:02:50.181000+00:00,4.416666507720947
2019-08-28 03:02:50.180000+00:00,5.166666507720947
2019-08-28 04:03:00.347000+00:00,7.083333492279053
2019-08-28 05:02:50.240000+00:00,9.333333015441896
2019-08-28 06:02:50.140000+00:00,9.666666030883787
2019-08-28 07:03:00.328000+00:00,27.75
2019-08-28 08:02:51.140000+00:00,19.75
2019-08-28 09:03:00.328000+00:00,19.5
2019-08-28 10:02:51.140000+00:00,12.416666984558104
2019-08-28 11:02:50.140000+00:00,8.666666984558105
2019-08-28 12:02:50.140000+00:00,6.1666669845581055
2019-08-28 13:02:50.140000+00:00,12.500000953674316
2019-08-28 14:02:50.150000+00:00,11.833333969116213
2019-08-28 15:03:00.328000+00:00,14.249999046325684
2019-08-28 16:03:01.328000+00:00,15.5
2019-08-28 17:02:51.130000+00:00,16.41666603088379
2019-08-28 18:02:50.150000+00:00,19.416667938232425
2019-08-28 19:02:50.200000+00:00,15.333333969116213
2019-08-28 20:02:50.140000+00:00,14.416666984558104
2019-08-28 21:02:50.140000+00:00,14.333333969116213
2019-08-28 22:02:50.140000+00:00,20.58333396911621
2019-08-28 23:02:50.150000+00:00,22.916667938232425
2019-08-29 00:02:50.140000+00:00,11.333333015441896
2019-08-29 01:02:50.160000+00:00,21.500001907348636
2019-08-29 02:02:50.230000+00:00,18.58333396911621
2019-08-29 03:02:50.250000+00:00,8.75
2019-08-29 04:03:01.156000+00:00,9.25
2019-08-29 05:02:49.848000+00:00,29.16666603088379
2019-08-29 06:03:00.172000+00:00,30.16666603088379
2019-08-29 07:02:50.839000+00:00,19.666667938232425
2019-08-29 08:02:49.839000+00:00,35.66666793823242
2019-08-29 09:02:49.838000+00:00,34.16666412353516
2019-08-29 10:02:49.839000+00:00,20.41666603088379
2019-08-29 11:02:49.839000+00:00,11.166666984558104
2019-08-29 12:02:49.839000+00:00,7.5
2019-08-29 13:02:49.839000+00:00,14.833333969116213
2019-08-29 14:02:49.838000+00:00,9.083333969116213
2019-08-29 15:02:49.839000+00:00,11.249999046325684
2019-08-29 16:02:49.839000+00:00,27.33333396911621
2019-08-29 17:02:49.839000+00:00,22.333332061767575
2019-08-29 18:02:49.838000+00:00,14.833333969116213
2019-08-29 19:02:49.838000+00:00,14.916666984558104
2019-08-29 20:02:49.838000+00:00,19.666667938232425
2019-08-29 21:02:49.839000+00:00,20.58333396911621
2019-08-29 22:03:00.153000+00:00,20.16666603088379
2019-08-29 23:02:50.849000+00:00,14.333334922790527
2019-08-30 00:02:49.839000+00:00,19.166667938232425
2019-08-30 01:02:49.838000+00:00,20.0
2019-08-30 02:02:49.839000+00:00,16.833332061767578
2019-08-30 03:02:49.839000+00:00,25.0
2019-08-30 04:03:00.574000+00:00,29.08333396911621
2019-08-30 05:02:50.261000+00:00,22.166667938232425
2019-08-30 06:02:50.261000+00:00,35.083335876464844
2019-08-30 07:02:50.251000+00:00,31.750001907348636
2019-08-30 08:02:50.249000+00:00,25.25
2019-08-30 09:02:50.251000+00:00,15.166666984558104
2019-08-30 10:02:50.250000+00:00,16.91666603088379
2019-08-30 11:02:50.251000+00:00,17.083332061767578
2019-08-30 12:02:50.250000+00:00,17.833332061767578
2019-08-30 13:02:50.250000+00:00,18.33333396911621
2019-08-30 14:02:50.251000+00:00,17.5
2019-08-30 15:02:50.261000+00:00,19.41666603088379
2019-08-30 16:02:50.251000+00:00,23.33333396911621
2019-08-30 17:02:50.251000+00:00,31.41666603088379
2019-08-30 18:02:50.250000+00:00,34.25
2019-08-30 19:02:50.251000+00:00,27.75
2019-08-30 20:02:50.250000+00:00,20.749998092651367
2019-08-30 21:02:50.250000+00:00,29.25
2019-08-30 22:02:50.250000+00:00,22.91666603088379
2019-08-30 23:02:50.250000+00:00,29.5
2019-08-31 00:02:50.251000+00:00,41.249996185302734
2019-08-31 01:02:50.251000+00:00,32.25
2019-08-31 02:02:50.261000+00:00,30.25
2019-08-31 03:02:50.261000+00:00,30.0
2019-08-31 04:03:01.226000+00:00,37.0
2019-08-31 05:02:49.912000+00:00,30.666667938232425
2019-08-31 06:02:49.912000+00:00,33.33333206176758
2019-08-31 07:02:49.922000+00:00,37.33333206176758
2019-08-31 08:02:49.912000+00:00,34.16666412353516
2019-08-31 09:02:49.911000+00:00,34.33332824707031
2019-08-31 10:02:49.911000+00:00,46.75
2019-08-31 11:02:49.912000+00:00,30.08333396911621
2019-08-31 12:02:49.911000+00:00,27.08333396911621
2019-08-31 13:02:49.912000+00:00,24.16666603088379
2019-08-31 14:02:49.921000+00:00,19.25
2019-08-31 15:02:49.911000+00:00,20.999998092651367
2019-08-31 16:02:49.912000+00:00,28.83333396911621
2019-08-31 17:02:49.911000+00:00,32.08333206176758
2019-08-31 18:02:49.911000+00:00,26.750001907348636
2019-08-31 19:03:00.227000+00:00,26.833332061767575
2019-08-31 20:02:50.911000+00:00,32.333335876464844
2019-08-31 21:02:49.911000+00:00,32.41666793823242
2019-08-31 22:02:49.912000+00:00,33.25
2019-08-31 23:03:00.226000+00:00,6.916666507720947
2019-09-01 00:02:50.912000+00:00,6.1666669845581055
2019-09-01 01:02:49.911000+00:00,7.833333492279053
2019-09-01 02:02:49.912000+00:00,5.4166669845581055
2019-09-01 03:02:49.912000+00:00,5.75
2019-09-01 04:03:01.820000+00:00,19.166667938232425
